{"stats":{"minecraft:picked_up":{"minecraft:enchanting_table":2,"minecraft:crafting_table":1,"minecraft:chainmail_boots":1,"iceandfire:witherbone":1,"minecraft:leather":3,"minecraft:diamond_sword":1,"minecraft:oak_stairs":2,"minecraft:music_disc_cat":1,"minecraft:string":15,"tombstone:gift":1,"minecraft:bone":5,"minecraft:chipped_anvil":1,"minecraft:cyan_carpet":1,"tombstone:bag_of_seeds":2,"minecraft:smooth_quartz":13,"minecraft:chest":1,"minecraft:iron_sword":5,"minecraft:iron_boots":1,"minecraft:stick":3,"minecraft:torch":4,"minecraft:spruce_stairs":1,"minecraft:spruce_fence":4,"minecraft:iron_horse_armor":1,"minecraft:spider_eye":3,"minecraft:mossy_cobblestone":4,"minecraft:arrow":2,"aether:chainmail_gloves":2,"minecraft:chainmail_leggings":1,"minecraft:emerald":1,"supplementaries:ash":1,"minecraft:dark_oak_wood":7,"minecraft:coal":1,"minecraft:cobblestone":44},"minecraft:used":{"minecraft:chest":1,"minecraft:shield":12,"minecraft:iron_sword":38,"minecraft:golden_apple":1,"minecraft:torch":46,"minecraft:mossy_cobblestone":2,"minecraft:crafting_table":2,"minecraft:spruce_stairs":1,"minecraft:spruce_fence":2,"minecraft:iron_axe":17,"minecraft:bread":23,"minecraft:iron_pickaxe":89,"minecraft:iron_boots":2,"minecraft:smooth_quartz":9,"minecraft:diamond_sword":42,"quark:dark_oak_chest":1,"minecraft:cobblestone":39,"minecraft:chainmail_boots":2,"tombstone:gift":2,"alexsmobs:animal_dictionary":1},"minecraft:mined":{"minecraft:spruce_planks":5,"minecraft:mossy_cobblestone":2,"minecraft:crafting_table":1,"minecraft:torch":1,"minecraft:granite":1,"minecraft:dark_oak_wood":9,"minecraft:grass_block":1,"minecraft:spruce_fence":7,"minecraft:chest":1,"minecraft:tall_grass":1,"minecraft:spawner":19,"minecraft:spruce_stairs":1,"minecraft:fire":2,"minecraft:enchanting_table":1,"minecraft:grass":1,"minecraft:cyan_carpet":1,"minecraft:smooth_quartz":14,"minecraft:stone":45,"minecraft:chipped_anvil":1},"minecraft:custom":{"minecraft:mob_kills":14,"minecraft:interact_with_crafting_table":9,"minecraft:tune_noteblock":4,"minecraft:damage_dealt_resisted":434,"minecraft:leave_game":1,"minecraft:time_since_death":4014,"minecraft:climb_one_cm":3010,"minecraft:time_since_rest":2694,"minecraft:damage_absorbed":12,"minecraft:sprint_one_cm":203718,"minecraft:damage_taken":2794,"minecraft:walk_one_cm":77331,"minecraft:damage_blocked_by_shield":323,"minecraft:drop":20,"minecraft:damage_dealt":4389,"minecraft:swim_one_cm":13448,"minecraft:fly_one_cm":317664,"minecraft:open_chest":48,"minecraft:crouch_one_cm":1348,"minecraft:play_time":52329,"tombstone:undead_killed":2,"minecraft:deaths":6,"minecraft:sneak_time":891,"minecraft:walk_under_water_one_cm":507,"minecraft:jump":1210,"minecraft:walk_on_water_one_cm":1297,"minecraft:total_world_time":52329,"minecraft:fall_one_cm":29812},"minecraft:dropped":{"minecraft:iron_sword":5,"minecraft:mossy_cobblestone":4,"minecraft:iron_horse_armor":1,"minecraft:saddle":1,"minecraft:chainmail_helmet":1,"minecraft:chainmail_chestplate":1,"minecraft:emerald":1,"minecraft:cobweb":3,"minecraft:smooth_quartz":1,"minecraft:oak_stairs":1,"minecraft:spider_eye":1,"minecraft:chainmail_leggings":1,"minecraft:enchanting_table":1,"minecraft:cyan_carpet":1,"minecraft:bone":38},"minecraft:crafted":{"minecraft:crafting_table":1,"minecraft:iron_sword":1,"minecraft:bread":3,"quark:dark_oak_chest":1,"minecraft:shield":1,"minecraft:iron_axe":1,"tombstone:grave_key":1,"minecraft:stick":21,"minecraft:iron_pickaxe":1,"minecraft:dark_oak_planks":28,"minecraft:torch":56},"minecraft:killed":{"minecraft:cave_spider":2,"earthmobsmod:jumbo_rabbit":1,"minecraft:spider":4,"earthmobsmod:cream_cow":3,"enemyexpansion:direwolf":1,"minecraft:wither_skeleton":2},"minecraft:killed_by":{"minecraft:cave_spider":1,"minecraft:wither_skeleton":2,"minecraft:skeleton":1}},"DataVersion":3465}