{"stats":{"minecraft:killed_by":{"born_in_chaos_v1:baby_skeleton_minion":1},"minecraft:mined":{"iceandfire:silver_ore":4,"luminousworld:grassvariant_4":1,"minecraft:crafting_table":1,"minecraft:oak_log":4,"minecraft:sand":6,"minecraft:stone":17,"minecraft:oak_planks":1,"minecraft:oak_leaves":1,"minecraft:sandstone":4},"minecraft:custom":{"minecraft:time_since_rest":1396,"minecraft:sprint_one_cm":41931,"minecraft:damage_taken":315,"minecraft:walk_one_cm":11496,"minecraft:damage_dealt":29,"minecraft:interact_with_crafting_table":2,"minecraft:swim_one_cm":30064,"minecraft:fly_one_cm":82439,"minecraft:open_chest":1,"minecraft:crouch_one_cm":326,"minecraft:play_time":13219,"minecraft:deaths":1,"minecraft:sneak_time":663,"minecraft:walk_under_water_one_cm":5355,"minecraft:jump":338,"minecraft:walk_on_water_one_cm":9379,"minecraft:time_since_death":3099,"minecraft:total_world_time":13219,"minecraft:fall_one_cm":6239},"minecraft:used":{"minecraft:stone_pickaxe":23,"minecraft:oak_planks":1,"minecraft:wooden_pickaxe":5,"minecraft:sandstone":2,"minecraft:sand":4,"minecraft:crafting_table":1,"alexsmobs:animal_dictionary":1},"minecraft:crafted":{"minecraft:oak_planks":12,"minecraft:crafting_table":1,"minecraft:stick":4,"minecraft:wooden_pickaxe":1,"minecraft:stone_pickaxe":1,"minecraft:bread":2},"minecraft:picked_up":{"minecraft:crafting_table":1,"minecraft:sandstone":4,"minecraft:sand":6,"minecraft:oak_log":3,"minecraft:kelp":3,"minecraft:oak_planks":1,"iceandfire:raw_silver":4,"minecraft:cobblestone":17}},"DataVersion":3465}