{"stats":{"minecraft:crafted":{"minecraft:smooth_stone":128,"minecraft:diamond_shovel":1,"quark:deepslate_furnace":1,"minecraft:glass":287,"minecraft:diamond_helmet":1,"quark:golden_apple_crate":1,"minecraft:emerald":27,"minecraft:diamond_axe":1,"iceandfire:wither_shard":3,"minecraft:fletching_table":3,"minecraft:lectern":4,"minecraft:iron_pickaxe":1,"minecraft:gold_ingot":9,"hangglider:glider_framework":1,"minecraft:bone_meal":99,"hangglider:glider_wing":2,"minecraft:spruce_slab":36,"minecraft:diamond_boots":3,"quark:spruce_chest":3,"minecraft:dark_oak_planks":28,"minecraft:chainmail_leggings":12,"quark:chute":1,"minecraft:wheat":261,"ironchest:gold_chest":1,"minecraft:enchanting_table":1,"born_in_chaos_v1:cultivated_pumpkin":1,"sophisticatedbackpacks:gold_backpack":2,"minecraft:enchanted_book":4,"minecraft:golden_apple":2,"ironchest:obsidian_chest":1,"minecraft:iron_leggings":9,"minecraft:oak_planks":188,"minecraft:cobblestone_slab":6,"hangglider:hang_glider":1,"minecraft:stone":131,"born_in_chaos_v1:dark_metal_ingot":1,"minecraft:iron_boots":1,"tombstone:grave_key":25,"born_in_chaos_v1:pileof_dark_metal":2,"minecraft:polished_diorite_slab":6,"sophisticatedbackpacks:backpack":2,"minecraft:crafting_table":6,"minecraft:spruce_planks":664,"minecraft:iron_helmet":1,"minecraft:chainmail_chestplate":1,"ironchest:diamond_chest":1,"minecraft:spruce_trapdoor":6,"minecraft:diamond_pickaxe":1,"minecraft:shield":14,"sophisticatedbackpacks:diamond_backpack":1,"minecraft:stick":533,"minecraft:iron_ingot":12,"minecraft:coal":90,"minecraft:furnace":1,"minecraft:blast_furnace":1,"minecraft:flint_and_steel":2,"quark:dark_oak_chest":1,"minecraft:iron_axe":1,"sophisticatedbackpacks:iron_backpack":2,"minecraft:iron_sword":1,"minecraft:nether_bricks":10,"minecraft:air":0,"minecraft:bread":90,"quark:spruce_bookshelf":39,"minecraft:stonecutter":1,"minecraft:torch":56,"ironchest:iron_chest":1},"minecraft:dropped":{"minecraft:iron_sword":6,"iceandfire:frozen_dirt":1,"minecraft:black_bed":1,"minecraft:saddle":1,"minecraft:leather_helmet":3,"minecraft:red_carpet":2,"minecraft:emerald":1,"sophisticatedbackpacks:gold_backpack":1,"born_in_chaos_v1:monster_flesh":3,"minecraft:dirt":8,"minecraft:chain":3,"undead_revamp2:blacpetalblock":1,"minecraft:cyan_carpet":3,"luminousworld:clovers_1":1,"minecraft:bone":40,"minecraft:oak_door":2,"minecraft:detector_rail":11,"undead_revamp2:arapholia":4,"minecraft:rotten_flesh":60,"minecraft:oak_planks":2,"supplementaries:flax_seeds":1,"minecraft:leather_leggings":2,"minecraft:spruce_slab":2,"minecraft:beef":6,"born_in_chaos_v1:intoxicating_decoction":1,"luminousworld:ishstone":4,"minecraft:cobblestone":7,"minecraft:oak_fence":1,"minecraft:iron_helmet":1,"minecraft:apple":1,"minecraft:granite":2,"minecraft:chainmail_helmet":3,"minecraft:cobweb":3,"minecraft:potion":2,"minecraft:dead_bush":2,"minecraft:oak_stairs":1,"minecraft:mossy_cobblestone_stairs":2,"minecraft:chainmail_leggings":15,"minecraft:iron_shovel":1,"minecraft:spruce_sapling":1,"minecraft:iron_boots":2,"minecraft:light_gray_concrete":2,"minecraft:spruce_fence":6,"minecraft:pumpkin_seeds":4,"minecraft:diamond_sword":8,"minecraft:bundle":2,"minecraft:spruce_planks":1,"minecraft:brown_bed":1,"minecraft:stone_bricks":3,"minecraft:spider_eye":1,"minecraft:bow":2,"twilightforest:time_chest":1,"minecraft:golden_pickaxe":2,"luminousworld:white_petunias":2,"minecraft:lantern":2,"minecraft:leather":6,"minecraft:iron_horse_armor":1,"minecraft:music_disc_13":2,"minecraft:cobblestone_stairs":2,"minecraft:packed_ice":2,"minecraft:cornflower":1,"minecraft:snowball":96,"minecraft:pointed_dripstone":1,"minecraft:diamond_shovel":1,"sophisticatedbackpacks:diamond_backpack":1,"minecraft:chainmail_chestplate":6,"minecraft:leather_chestplate":2,"supplementaries:ash":3,"minecraft:melon_seeds":4,"minecraft:arrow":2,"minecraft:enchanting_table":2,"minecraft:bread":78,"minecraft:mossy_cobblestone":8,"minecraft:spruce_stairs":2,"minecraft:diorite":3,"tombstone:grave_key":2,"minecraft:smooth_quartz":24,"minecraft:iron_leggings":3,"minecraft:polished_diorite":1,"minecraft:coarse_dirt":1,"minecraft:raw_copper":1,"minecraft:tuff":11,"luminousworld:yellow_grassflowers":1,"minecraft:iron_chestplate":3,"minecraft:diamond_boots":2,"minecraft:slime_ball":1,"minecraft:stone_pickaxe":1,"minecraft:raw_gold":10},"minecraft:broken":{"minecraft:iron_boots":2,"minecraft:iron_chestplate":1,"minecraft:iron_leggings":3,"minecraft:iron_sword":1,"minecraft:chainmail_leggings":1,"aether:iron_gloves":1,"minecraft:chainmail_helmet":1,"minecraft:shield":2,"minecraft:iron_axe":1,"minecraft:iron_helmet":3,"minecraft:leather_leggings":1,"minecraft:diamond_boots":1,"minecraft:chainmail_chestplate":2,"minecraft:golden_chestplate":1,"minecraft:leather_chestplate":1},"minecraft:used":{"minecraft:spruce_slab":2,"minecraft:chest":1,"minecraft:stone":21,"minecraft:rotten_flesh":16,"minecraft:soul_sand":3,"minecraft:snowball":16,"minecraft:lava_bucket":10,"quark:chute":1,"friendsandfoes:totem_of_freezing":1,"supplementaries:bomb_blue":1,"minecraft:bow":87,"supplementaries:ash":1,"minecraft:furnace":1,"minecraft:diorite":17,"minecraft:damaged_anvil":2,"minecraft:blackstone":29,"minecraft:golden_apple":7,"minecraft:sand":4,"minecraft:blast_furnace":3,"born_in_chaos_v1:monster_flesh":1,"minecraft:lectern":162,"minecraft:diamond_sword":864,"minecraft:smithing_table":2,"minecraft:enchanting_table":3,"quark:spruce_bookshelf":35,"minecraft:netherrack":111,"minecraft:torch":71,"endrem:magical_eye":1,"minecraft:brewing_stand":1,"minecraft:polished_diorite":14,"minecraft:chipped_anvil":2,"minecraft:iron_axe":254,"minecraft:smooth_quartz":14,"minecraft:bamboo":55,"minecraft:smooth_basalt":2,"minecraft:basalt":12,"tombstone:gift":10,"minecraft:cobbled_deepslate":115,"minecraft:calcite":2,"minecraft:water_bucket":9,"minecraft:fletching_table":6,"minecraft:mossy_cobblestone":3,"minecraft:lime_terracotta":15,"minecraft:comparator":1,"minecraft:crafting_table":9,"supplementaries:bomb":2,"minecraft:red_bed":5,"minecraft:spruce_log":179,"minecraft:diamond_pickaxe":1567,"minecraft:diamond_shovel":1644,"minecraft:iron_pickaxe":230,"minecraft:spruce_trapdoor":22,"minecraft:spruce_sapling":51,"minecraft:chiseled_stone_bricks":5,"quark:dark_oak_chest":1,"minecraft:cobblestone":96,"minecraft:green_stained_glass":38,"minecraft:shield":339,"minecraft:iron_sword":250,"minecraft:bell":4,"minecraft:green_terracotta":7,"minecraft:nether_bricks":14,"endrem:old_eye":1,"minecraft:tuff":12,"minecraft:obsidian":18,"minecraft:glass":247,"quark:deepslate_furnace":2,"minecraft:lantern":3,"minecraft:stone_bricks":2,"minecraft:item_frame":25,"minecraft:red_carpet":1,"ironchest:obsidian_chest":1,"minecraft:dark_oak_stairs":5,"minecraft:oak_planks":115,"minecraft:diamond_axe":805,"minecraft:blue_bed":26,"minecraft:white_wool":4,"quark:golden_apple_crate":2,"minecraft:bread":279,"minecraft:cyan_bed":1,"tombstone:grave_key":50,"minecraft:gravel":2,"minecraft:chainmail_boots":2,"minecraft:bone_meal":64,"minecraft:flint_and_steel":1,"minecraft:spruce_planks":166,"minecraft:dirt":291,"minecraft:spruce_stairs":1,"minecraft:spruce_fence":20,"minecraft:granite":9,"minecraft:dark_oak_planks":4,"quark:spruce_chest":17,"minecraft:iron_boots":2,"alexscaves:spelunkery_table":1,"minecraft:golden_carrot":1,"tombstone:scroll_of_knowledge":1,"minecraft:amethyst_block":1,"minecraft:magenta_stained_glass":19,"luminousworld:ishstone":2,"minecraft:stonecutter":1,"born_in_chaos_v1:cultivated_pumpkin":1,"minecraft:bucket":20,"alexsmobs:animal_dictionary":1},"minecraft:killed":{"illagerinvasion:archivist":3,"luminousworld:miner_zombie":2,"minecraft:cave_spider":20,"earthmobsmod:jumbo_rabbit":1,"born_in_chaos_v1:zombie_lumberjack":2,"born_in_chaos_v1:skeleton_demoman":1,"enemyexpansion:equestrian":1,"luminousworld:frost_bitten_skeleton":8,"mowziesmobs:frostmaw":1,"undead_revamp2:theswarmer":1,"creeperoverhaul:dripstone_creeper":1,"born_in_chaos_v1:baby_skeleton_minion":4,"illagerinvasion:basher":1,"minecraft:skeleton":28,"alexsmobs:centipede_head":1,"minecraft:magma_cube":3,"born_in_chaos_v1:bone_imp":3,"stalwart_dungeons:giddy_blaze":22,"minecraft:zombie":56,"born_in_chaos_v1:corpse_fly":6,"enemyexpansion:botfly":6,"born_in_chaos_v1:door_knight":2,"minecraft:cow":1,"luminousworld:frostbitten_zombie":13,"minecraft:evoker":1,"minecraft:vindicator":5,"illagerinvasion:marauder":2,"undead_revamp2:bomber":1,"minecraft:horse":1,"stalwart_dungeons:nether_wart_cocoon":3,"undead_revamp2:thebidy":1,"earthmobsmod:bouldering_zombie":1,"iceandfire:cyclops":1,"undead_revamp2:the_moonflower":10,"earthmobsmod:cream_cow":3,"born_in_chaos_v1:decrepit_skeleton":1,"undead_revamp2:thesomnolence":2,"iceandfire:ghost":3,"minecraft:spider":17,"undead_revamp2:thesmoker":2,"born_in_chaos_v1:scarlet_persecutor":1,"illagerinvasion:provoker":5,"minecraft:silverfish":6,"undead_revamp2:therod":1,"born_in_chaos_v1:firelight_not_despawn":1,"born_in_chaos_v1:bonescaller":1,"born_in_chaos_v1:diamond_termite":4,"minecraft:creeper":1,"born_in_chaos_v1:dread_hound":2,"minecraft:stray":13,"minecraft:ghast":1,"undead_revamp2:theskeeper":1,"minecraft:blaze":5,"minecraft:vex":2,"undead_revamp2:thegliter":1,"enemyexpansion:direwolf":4,"born_in_chaos_v1:maggot":19,"iceandfire:fire_dragon":1,"alexsmobs:bison":1,"undead_revamp2:thehorrors":1,"enemyexpansion:goblin":1,"friendsandfoes:iceologer":1,"born_in_chaos_v1:fallen_chaos_knight":2,"born_in_chaos_v1:swarmer":1,"minecraft:wither_skeleton":31,"minecraft:villager":1},"minecraft:picked_up":{"minecraft:iron_chestplate":6,"minecraft:chainmail_boots":2,"minecraft:creeper_head":2,"minecraft:flower_pot":3,"minecraft:smithing_table":3,"minecraft:diamond_sword":11,"minecraft:oak_stairs":5,"minecraft:enchanted_book":2,"minecraft:brewing_stand":3,"minecraft:amethyst_block":5,"iceandfire:manuscript":11,"minecraft:music_disc_cat":1,"minecraft:string":69,"minecraft:red_nether_bricks":3,"minecraft:beetroot_soup":3,"minecraft:gold_nugget":140,"minecraft:cobbled_deepslate":72,"minecraft:spruce_planks":14,"minecraft:coal_block":21,"minecraft:melon_slice":1,"minecraft:dark_oak_door":1,"minecraft:spruce_pressure_plate":2,"minecraft:big_dripleaf":5,"minecraft:brown_carpet":1,"luminousworld:grassflowers":2,"minecraft:stone_sword":6,"quark:clear_shard":37,"luminousworld:yellow_grassflowers":2,"aether:chainmail_gloves":2,"iceandfire:fire_dragon_heart":2,"minecraft:iron_block":6,"born_in_chaos_v1:cultivated_pumpkin":1,"supplementaries:ash":19,"minecraft:blaze_rod":23,"minecraft:iron_bars":1,"minecraft:snowball":749,"minecraft:polished_diorite_slab":4,"minecraft:cooked_beef":1,"alexsmobs:bison_fur":1,"minecraft:flint":2,"minecraft:lantern":8,"minecraft:purple_carpet":1,"minecraft:chipped_anvil":3,"undead_revamp2:blacpetalblock":2,"minecraft:stripped_spruce_log":25,"minecraft:dark_oak_log":1,"naturalist:duck_egg":1,"minecraft:bundle":6,"minecraft:iron_hoe":1,"twilightforest:time_chest":2,"minecraft:writable_book":1,"minecraft:blue_ice":1,"minecraft:granite":10,"minecraft:bread":61,"minecraft:light_gray_carpet":1,"minecraft:dark_oak_fence":11,"minecraft:diamond_pickaxe":2,"luminousworld:groundpebbles_1":3,"minecraft:crafting_table":4,"minecraft:leather_leggings":2,"iceandfire:witherbone":15,"minecraft:clay_ball":46,"born_in_chaos_v1:seedof_chaos":2,"minecraft:golden_pickaxe":2,"minecraft:red_bed":6,"born_in_chaos_v1:intoxicating_decoction":1,"minecraft:white_carpet":6,"quark:chute":1,"quark:spruce_chest":16,"minecraft:beef":8,"minecraft:iron_nugget":8,"minecraft:spruce_slab":9,"minecraft:quartz_stairs":7,"minecraft:chest":2,"minecraft:oak_door":2,"minecraft:spruce_fence":25,"born_in_chaos_v1:pieceofdarkmetal":7,"minecraft:redstone":1,"minecraft:carrot":2,"iceandfire:dragon_skull_ice":2,"quark:yellow_corundum":1,"minecraft:beetroot_seeds":13,"minecraft:diamond_boots":3,"minecraft:hay_block":30,"tombstone:essence_of_undeath":2,"minecraft:gold_ingot":1,"minecraft:totem_of_undying":1,"minecraft:mutton":11,"minecraft:white_wool":7,"minecraft:rail":1,"minecraft:oxeye_daisy":1,"born_in_chaos_v1:monster_flesh":1,"luminousworld:ishstone":2,"minecraft:oak_log":45,"minecraft:blue_bed":34,"minecraft:paper":16,"tombstone:gift":1,"minecraft:white_banner":13,"minecraft:light_blue_banner":1,"minecraft:apple":16,"minecraft:stone_bricks":18,"minecraft:stone_pickaxe":1,"minecraft:music_disc_far":1,"tombstone:bag_of_seeds":3,"minecraft:iron_sword":7,"minecraft:dark_oak_stairs":39,"minecraft:smooth_basalt":2,"quark:white_shard":4,"endrem:old_eye":1,"born_in_chaos_v1:ethereal_spirit":1,"minecraft:cracked_nether_bricks":5,"minecraft:gravel":8,"minecraft:spruce_sapling":57,"minecraft:spruce_log":328,"minecraft:crying_obsidian":7,"minecraft:leather_helmet":4,"minecraft:diamond_shovel":1,"minecraft:firework_rocket":1,"minecraft:slime_ball":1,"minecraft:polished_diorite":20,"minecraft:red_nether_brick_slab":1,"minecraft:wheat":4,"aether:iron_gloves":1,"minecraft:potion":2,"minecraft:nether_brick":38,"minecraft:stone_brick_stairs":1,"tombstone:grave_key":2,"minecraft:raw_copper":6,"minecraft:smooth_stone_slab":1,"minecraft:iron_leggings":4,"minecraft:armor_stand":3,"minecraft:experience_bottle":1,"minecraft:oak_sign":2,"minecraft:comparator":1,"iceandfire:frost_lily":1,"minecraft:redstone_torch":1,"minecraft:calcite":5,"minecraft:smooth_quartz":41,"minecraft:iron_pickaxe":5,"minecraft:furnace":1,"iceandfire:dragonscales_red":7,"minecraft:iron_boots":5,"minecraft:tipped_arrow":10,"minecraft:stick":15,"minecraft:oak_fence":2,"minecraft:torch":33,"minecraft:spruce_stairs":4,"quark:yellow_corundum_cluster":2,"minecraft:snow_block":5,"iceandfire:rotten_egg":1,"minecraft:pointed_dripstone":1,"tombstone:grave_dust":28,"minecraft:diorite":35,"minecraft:rotten_flesh":107,"supplementaries:antique_ink":1,"minecraft:obsidian":15,"undead_revamp2:arapholia":4,"minecraft:cobblestone":776,"minecraft:enchanting_table":5,"minecraft:leather_chestplate":2,"minecraft:andesite":3,"minecraft:chiseled_quartz_block":1,"minecraft:potato":10,"minecraft:tuff":16,"minecraft:wither_skeleton_skull":2,"minecraft:lapis_lazuli":76,"minecraft:dirt":941,"minecraft:bone":116,"minecraft:bow":5,"minecraft:wheat_seeds":8,"minecraft:raw_gold":10,"minecraft:bell":4,"minecraft:fletching_table":4,"minecraft:bamboo":112,"minecraft:oak_planks":8,"friendsandfoes:totem_of_freezing":1,"minecraft:ghast_tear":1,"earthmobsmod:harder_flesh":1,"minecraft:sand":333,"minecraft:nether_brick_stairs":1,"minecraft:mossy_cobblestone":8,"minecraft:light_gray_concrete":2,"minecraft:spruce_fence_gate":2,"born_in_chaos_v1:fire_dust":1,"minecraft:diamond":12,"minecraft:spruce_sign":7,"minecraft:emerald":69,"minecraft:netherrack":111,"minecraft:charcoal":2,"minecraft:azure_bluet":2,"minecraft:stone_brick_wall":6,"minecraft:gold_block":2,"minecraft:diamond_horse_armor":2,"minecraft:chain":1,"minecraft:oak_trapdoor":1,"minecraft:item_frame":20,"minecraft:cyan_carpet":4,"minecraft:blackstone":34,"minecraft:lectern":158,"minecraft:spruce_trapdoor":36,"quark:golden_apple_crate":1,"minecraft:raw_iron":41,"iceandfire:dragonbone":65,"iceandfire:dragonscales_gray":20,"minecraft:copper_ingot":2,"quark:deepslate_furnace":1,"minecraft:stone_button":6,"minecraft:iron_horse_armor":1,"minecraft:dark_oak_planks":8,"minecraft:arrow":62,"minecraft:pumpkin_pie":1,"minecraft:nether_bricks":15,"mowziesmobs:ice_crystal":1,"minecraft:saddle":1,"minecraft:nether_brick_wall":1,"minecraft:skeleton_skull":2,"born_in_chaos_v1:corpse_maggot":14,"minecraft:air":0,"minecraft:basalt":14,"minecraft:leather":19,"minecraft:chainmail_chestplate":2,"minecraft:gunpowder":9,"minecraft:cobblestone_stairs":3,"minecraft:cooked_mutton":1,"minecraft:red_carpet":2,"minecraft:red_nether_brick_stairs":1,"minecraft:gray_carpet":58,"minecraft:rabbit_hide":7,"minecraft:iron_ingot":5,"luminousworld:white_petunias":4,"iceandfire:fire_dragon_flesh":9,"minecraft:soul_sand":5,"sophisticatedbackpacks:diamond_backpack":1,"minecraft:book":128,"luminousworld:clovers_1":3,"minecraft:pumpkin":2,"minecraft:chiseled_stone_bricks":5,"minecraft:quartz":1,"iceandfire:ash":2,"minecraft:dandelion":2,"minecraft:dripstone_block":1,"minecraft:amethyst_shard":24,"minecraft:blast_furnace":2,"minecraft:nether_brick_slab":1,"minecraft:spider_eye":19,"minecraft:chainmail_leggings":5,"minecraft:iron_helmet":4,"tombstone:magic_scroll":3,"minecraft:damaged_anvil":2,"minecraft:dark_oak_wood":7,"minecraft:coal":124},"minecraft:killed_by":{"minecraft:zombie_villager":2,"undead_revamp2:the_moonflower":5,"minecraft:vindicator":2,"minecraft:zombie":8,"mowziesmobs:frostmaw":11,"minecraft:vex":2,"minecraft:stray":2,"undead_revamp2:thespitter":1,"stalwart_dungeons:giddy_blaze":3,"iceandfire:ghost":1,"born_in_chaos_v1:dread_hound":2,"iceandfire:cyclops":5,"minecraft:wither_skeleton":14,"friendsandfoes:wildfire":1,"born_in_chaos_v1:zombie_bruiser":1,"alexsmobs:tusklin":1,"undead_revamp2:clogger":2,"minecraft:cave_spider":3,"iceandfire:ice_dragon":6,"luminousworld:frost_bitten_skeleton":1,"undead_revamp2:theheavy":1,"enemyexpansion:silverqueen":1,"iceandfire:fire_dragon":9,"minecraft:spider":3,"undead_revamp2:thehorrors":1,"minecraft:skeleton":8},"minecraft:custom":{"minecraft:interact_with_crafting_table":75,"minecraft:open_barrel":86,"minecraft:bell_ring":83,"minecraft:eat_cake_slice":7,"minecraft:leave_game":26,"minecraft:time_since_death":29295,"minecraft:damage_blocked_by_shield":6627,"minecraft:play_time":927547,"minecraft:deaths":109,"minecraft:jump":14466,"minecraft:enchant_item":3,"minecraft:interact_with_furnace":47,"minecraft:traded_with_villager":69,"minecraft:sleep_in_bed":35,"minecraft:damage_dealt":75261,"tombstone:undead_killed":192,"minecraft:inspect_dispenser":2,"minecraft:interact_with_anvil":8,"minecraft:damage_dealt_absorbed":640,"minecraft:sneak_time":13351,"minecraft:interact_with_blast_furnace":6,"minecraft:total_world_time":927547,"tombstone:raider_killed":18,"minecraft:tune_noteblock":4,"minecraft:interact_with_stonecutter":3,"minecraft:time_since_rest":5639,"tombstone:cast_on_ally":0,"minecraft:swim_one_cm":88870,"minecraft:fly_one_cm":3709917,"minecraft:open_chest":673,"minecraft:fall_one_cm":317283,"minecraft:damage_resisted":26,"minecraft:sprint_one_cm":1955189,"minecraft:drop":247,"minecraft:talked_to_villager":232,"minecraft:interact_with_brewingstand":2,"minecraft:walk_on_water_one_cm":111300,"minecraft:interact_with_loom":9,"minecraft:crouch_one_cm":26429,"tombstone:villager_killed":1,"minecraft:mob_kills":374,"minecraft:damage_dealt_resisted":3712,"minecraft:climb_one_cm":64483,"minecraft:walk_one_cm":1876846,"minecraft:walk_under_water_one_cm":43885,"minecraft:damage_taken":42183,"minecraft:damage_absorbed":260,"minecraft:trigger_trapped_chest":3},"minecraft:mined":{"minecraft:dark_oak_planks":8,"minecraft:red_nether_brick_slab":1,"born_in_chaos_v1:cultivated_pumpkin":1,"minecraft:red_nether_bricks":3,"minecraft:obsidian":5,"minecraft:granite":11,"minecraft:stone_brick_wall":3,"quark:yellow_corundum":1,"minecraft:coal_block":21,"minecraft:oxeye_daisy":1,"minecraft:chiseled_stone_bricks":5,"minecraft:spawner":82,"minecraft:tall_seagrass":1,"minecraft:mossy_cobblestone_stairs":2,"minecraft:cobbled_deepslate":10,"minecraft:fire":11,"quark:golden_apple_crate":1,"minecraft:pumpkin":2,"minecraft:fletching_table":4,"minecraft:deepslate_lapis_ore":12,"minecraft:nether_brick_stairs":1,"minecraft:enchanting_table":4,"iceandfire:gold_pile":14,"minecraft:oak_sign":1,"minecraft:dirt_path":180,"minecraft:oak_stairs":2,"minecraft:spruce_pressure_plate":1,"minecraft:light_gray_concrete":2,"minecraft:iron_block":6,"minecraft:red_bed":7,"minecraft:amethyst_cluster":3,"minecraft:torch":2,"minecraft:dark_oak_wood":9,"minecraft:blast_furnace":2,"minecraft:nether_brick_slab":1,"minecraft:spruce_wall_sign":1,"minecraft:polished_diorite_slab":2,"minecraft:glass":12,"minecraft:cyan_bed":1,"minecraft:damaged_anvil":3,"minecraft:amethyst_block":5,"minecraft:chain":2,"minecraft:black_bed":1,"minecraft:stone_brick_stairs":1,"minecraft:grass":3,"minecraft:smooth_quartz":52,"minecraft:brown_candle":1,"minecraft:smooth_basalt":4,"minecraft:piston":1,"minecraft:deepslate":155,"twilightforest:time_chest":1,"minecraft:mossy_cobblestone":7,"minecraft:nether_brick_wall":1,"minecraft:nether_bricks":15,"minecraft:dark_oak_fence":12,"minecraft:spruce_fence":34,"born_in_chaos_v1:black_argillite_brick_wall":1,"minecraft:snow":83,"minecraft:andesite":3,"minecraft:vine":9,"iceandfire:frost_lily":1,"minecraft:bamboo_sapling":1,"minecraft:bamboo":23,"minecraft:smithing_table":3,"minecraft:comparator":1,"minecraft:soul_sand":5,"minecraft:brown_carpet":1,"minecraft:dandelion":1,"minecraft:campfire":1,"minecraft:tall_grass":5,"minecraft:copper_ore":1,"minecraft:diorite":36,"minecraft:coarse_dirt":1,"minecraft:spruce_log":333,"quark:deepslate_furnace":1,"luminousworld:clovers_5":1,"luminousworld:ishstone":2,"minecraft:gravel":5,"minecraft:cobweb":10,"minecraft:spruce_fence_gate":2,"minecraft:stone_bricks":7,"minecraft:chipped_anvil":2,"minecraft:large_amethyst_bud":1,"minecraft:spruce_planks":18,"minecraft:cobblestone_stairs":4,"minecraft:brewing_stand":3,"minecraft:spruce_trapdoor":36,"minecraft:grass_block":21,"minecraft:polished_diorite":23,"minecraft:red_nether_brick_stairs":1,"minecraft:iron_ore":26,"minecraft:azure_bluet":2,"minecraft:dark_oak_stairs":40,"minecraft:brown_bed":1,"minecraft:iron_bars":2,"quark:indigo_corundum":1,"minecraft:spruce_slab":10,"minecraft:blackstone":36,"minecraft:chiseled_quartz_block":1,"iceandfire:dragon_ice_spikes":3,"minecraft:calcite":8,"minecraft:chest":2,"iceandfire:frozen_dirt":1,"minecraft:cobblestone":12,"minecraft:grindstone":1,"minecraft:oak_planks":8,"minecraft:blue_ice":77,"minecraft:tnt":3,"minecraft:oak_log":36,"minecraft:sand":368,"minecraft:dirt":821,"minecraft:netherrack":114,"minecraft:oak_leaves":6,"alexscaves:spelunkery_table":2,"minecraft:crying_obsidian":8,"minecraft:tuff":21,"minecraft:quartz_stairs":8,"minecraft:deepslate_diamond_ore":19,"luminousworld:grassvariant_4":1,"born_in_chaos_v1:infected_diamond_ore":3,"minecraft:weeping_vines":1,"quark:chute":1,"luminousworld:blackberrybush":1,"minecraft:spruce_leaves":98,"minecraft:cracked_nether_bricks":6,"minecraft:large_fern":5,"minecraft:hay_block":30,"minecraft:light_blue_wall_banner":1,"minecraft:spruce_sapling":27,"minecraft:furnace":1,"minecraft:stripped_spruce_log":27,"minecraft:gold_block":2,"minecraft:bell":5,"minecraft:bookshelf":29,"minecraft:deepslate_iron_ore":10,"minecraft:lantern":1,"luminousworld:snowgrass":2,"minecraft:stripped_oak_log":1,"minecraft:stone":795,"minecraft:redstone_wall_torch":1,"minecraft:snow_block":248,"minecraft:basalt":18,"supplementaries:ashen_basalt":1,"minecraft:oak_fence":1,"quark:spruce_bookshelf":13,"minecraft:crafting_table":4,"minecraft:lectern":158,"minecraft:blue_bed":37,"supplementaries:urn":15,"minecraft:spruce_stairs":2,"minecraft:ice":1,"iceandfire:ash":1,"minecraft:yellow_bed":1,"minecraft:coal_ore":23,"quark:spruce_chest":16,"minecraft:flower_pot":3,"minecraft:cyan_carpet":3,"minecraft:gray_carpet":58}},"DataVersion":3465}