{"stats":{"minecraft:picked_up":{"minecraft:enchanting_table":1,"minecraft:crafting_table":1,"minecraft:torch":2,"minecraft:spruce_stairs":1,"minecraft:spruce_fence":2,"minecraft:string":7,"tombstone:gift":1,"minecraft:smooth_quartz":2,"minecraft:dark_oak_wood":2,"minecraft:cobblestone":2},"minecraft:used":{"minecraft:bread":3,"minecraft:iron_pickaxe":19,"minecraft:iron_sword":22,"minecraft:torch":20,"minecraft:mossy_cobblestone":2,"minecraft:crafting_table":1,"minecraft:chainmail_boots":1,"minecraft:spruce_stairs":1,"tombstone:gift":2,"alexsmobs:animal_dictionary":1,"minecraft:spruce_fence":2},"minecraft:mined":{"minecraft:spruce_stairs":1,"minecraft:crafting_table":1,"minecraft:enchanting_table":1,"minecraft:dark_oak_wood":2,"minecraft:spruce_fence":2,"minecraft:cyan_carpet":1,"minecraft:smooth_quartz":4,"minecraft:stone":3,"minecraft:spawner":8},"minecraft:dropped":{"minecraft:chainmail_helmet":1,"minecraft:chainmail_chestplate":1},"minecraft:custom":{"minecraft:time_since_rest":2836,"minecraft:sprint_one_cm":69512,"minecraft:damage_taken":1041,"minecraft:walk_one_cm":20226,"minecraft:mob_kills":2,"minecraft:drop":2,"minecraft:damage_dealt":891,"minecraft:tune_noteblock":4,"minecraft:interact_with_crafting_table":1,"minecraft:fly_one_cm":104765,"minecraft:open_chest":10,"minecraft:crouch_one_cm":154,"minecraft:play_time":16386,"minecraft:deaths":3,"minecraft:sneak_time":151,"minecraft:jump":375,"minecraft:damage_dealt_resisted":38,"minecraft:time_since_death":4165,"minecraft:total_world_time":16386,"minecraft:fall_one_cm":3541},"minecraft:crafted":{"minecraft:crafting_table":1,"minecraft:stick":8,"minecraft:iron_pickaxe":1,"minecraft:iron_sword":1,"minecraft:dark_oak_planks":8,"minecraft:torch":32},"minecraft:killed":{"minecraft:cave_spider":1,"minecraft:spider":1},"minecraft:killed_by":{"minecraft:cave_spider":1,"minecraft:wither_skeleton":1}},"DataVersion":3465}