{"stats":{"minecraft:broken":{"minecraft:chainmail_helmet":1},"minecraft:picked_up":{"minecraft:enchanting_table":2,"minecraft:crafting_table":1,"minecraft:chainmail_boots":1,"iceandfire:witherbone":1,"minecraft:leather":3,"minecraft:diamond_sword":4,"minecraft:oak_stairs":2,"alexsmobs:bison_fur":1,"minecraft:potion":1,"minecraft:music_disc_cat":1,"minecraft:dirt":5,"minecraft:string":15,"tombstone:gift":1,"minecraft:bone":5,"minecraft:chipped_anvil":2,"minecraft:cyan_carpet":1,"minecraft:beef":6,"tombstone:bag_of_seeds":2,"minecraft:smooth_quartz":13,"luminousworld:white_petunias":2,"minecraft:chest":1,"minecraft:iron_sword":5,"minecraft:iron_boots":1,"minecraft:stick":3,"minecraft:torch":4,"minecraft:spruce_stairs":1,"minecraft:spruce_fence":4,"minecraft:mossy_cobblestone":4,"minecraft:spider_eye":3,"minecraft:iron_horse_armor":1,"minecraft:arrow":2,"minecraft:rotten_flesh":8,"minecraft:slime_ball":1,"luminousworld:yellow_grassflowers":1,"aether:chainmail_gloves":2,"minecraft:chainmail_leggings":1,"minecraft:emerald":1,"supplementaries:ash":2,"minecraft:dark_oak_wood":7,"minecraft:coal":1,"minecraft:cobblestone":45},"minecraft:used":{"minecraft:chest":1,"minecraft:shield":40,"minecraft:iron_sword":38,"minecraft:torch":46,"minecraft:golden_apple":1,"minecraft:mossy_cobblestone":2,"minecraft:dirt":5,"minecraft:crafting_table":2,"minecraft:spruce_stairs":1,"minecraft:spruce_fence":2,"minecraft:iron_axe":17,"minecraft:bread":34,"minecraft:iron_pickaxe":96,"minecraft:iron_boots":2,"minecraft:smooth_quartz":9,"minecraft:diamond_sword":57,"minecraft:cobblestone":40,"quark:dark_oak_chest":1,"minecraft:chainmail_boots":2,"tombstone:gift":2,"alexsmobs:animal_dictionary":1},"minecraft:mined":{"minecraft:spruce_planks":5,"minecraft:mossy_cobblestone":2,"minecraft:brewing_stand":1,"minecraft:crafting_table":1,"minecraft:torch":1,"minecraft:granite":1,"minecraft:dark_oak_wood":9,"minecraft:grass_block":2,"minecraft:spruce_fence":7,"minecraft:chest":1,"minecraft:tall_grass":1,"minecraft:spawner":19,"minecraft:spruce_stairs":1,"minecraft:fire":2,"minecraft:enchanting_table":1,"minecraft:grass":1,"minecraft:cyan_carpet":1,"minecraft:smooth_quartz":14,"minecraft:dirt":4,"minecraft:stone":46,"minecraft:chipped_anvil":1},"minecraft:custom":{"minecraft:mob_kills":17,"minecraft:interact_with_crafting_table":9,"minecraft:tune_noteblock":4,"minecraft:damage_dealt_resisted":434,"minecraft:leave_game":5,"minecraft:time_since_death":1590,"minecraft:climb_one_cm":3010,"minecraft:time_since_rest":718,"minecraft:damage_absorbed":12,"minecraft:damage_taken":4235,"minecraft:sprint_one_cm":261458,"minecraft:walk_one_cm":101484,"minecraft:damage_blocked_by_shield":658,"minecraft:drop":31,"minecraft:damage_dealt":5699,"minecraft:swim_one_cm":21193,"minecraft:fly_one_cm":471711,"minecraft:open_chest":50,"minecraft:crouch_one_cm":1348,"minecraft:play_time":75558,"tombstone:undead_killed":4,"minecraft:deaths":10,"minecraft:sneak_time":896,"minecraft:walk_under_water_one_cm":2144,"minecraft:jump":1801,"minecraft:interact_with_brewingstand":1,"minecraft:walk_on_water_one_cm":8564,"minecraft:total_world_time":75558,"minecraft:fall_one_cm":46663},"minecraft:dropped":{"minecraft:iron_sword":5,"minecraft:mossy_cobblestone":4,"luminousworld:white_petunias":2,"minecraft:rotten_flesh":8,"minecraft:iron_horse_armor":1,"minecraft:saddle":1,"minecraft:chainmail_helmet":1,"minecraft:chainmail_chestplate":1,"minecraft:emerald":1,"luminousworld:yellow_grassflowers":1,"minecraft:cobweb":3,"minecraft:diamond_sword":3,"supplementaries:ash":1,"minecraft:smooth_quartz":1,"minecraft:oak_stairs":1,"minecraft:spider_eye":1,"minecraft:slime_ball":1,"minecraft:beef":6,"minecraft:chainmail_leggings":1,"minecraft:enchanting_table":1,"minecraft:cyan_carpet":1,"minecraft:bone":38},"minecraft:crafted":{"minecraft:crafting_table":1,"minecraft:iron_sword":1,"minecraft:bread":3,"quark:dark_oak_chest":1,"minecraft:shield":1,"minecraft:iron_axe":1,"tombstone:grave_key":4,"minecraft:stick":21,"minecraft:iron_pickaxe":1,"minecraft:dark_oak_planks":28,"minecraft:torch":56},"minecraft:killed":{"minecraft:cave_spider":2,"earthmobsmod:jumbo_rabbit":1,"undead_revamp2:the_moonflower":2,"minecraft:spider":4,"earthmobsmod:cream_cow":3,"enemyexpansion:direwolf":1,"alexsmobs:bison":1,"minecraft:wither_skeleton":2},"minecraft:killed_by":{"minecraft:zombie_villager":2,"undead_revamp2:the_moonflower":2,"minecraft:cave_spider":1,"minecraft:wither_skeleton":2,"minecraft:skeleton":1}},"DataVersion":3465}