{"stats":{"minecraft:broken":{"minecraft:chainmail_helmet":1},"minecraft:picked_up":{"minecraft:crafting_table":3,"minecraft:chainmail_boots":1,"iceandfire:witherbone":1,"minecraft:golden_pickaxe":2,"minecraft:diamond_sword":4,"minecraft:oak_stairs":2,"minecraft:potion":2,"minecraft:brewing_stand":2,"minecraft:music_disc_cat":1,"minecraft:string":15,"born_in_chaos_v1:intoxicating_decoction":1,"minecraft:cyan_carpet":1,"minecraft:cobbled_deepslate":17,"minecraft:spruce_planks":1,"minecraft:beef":6,"minecraft:smooth_quartz":13,"minecraft:chest":1,"minecraft:iron_boots":1,"minecraft:stick":3,"minecraft:raw_iron":9,"minecraft:torch":4,"minecraft:spruce_stairs":1,"minecraft:spruce_fence":4,"minecraft:iron_horse_armor":1,"minecraft:arrow":2,"minecraft:rotten_flesh":10,"luminousworld:yellow_grassflowers":1,"aether:chainmail_gloves":2,"supplementaries:ash":2,"minecraft:rail":1,"minecraft:cobblestone":45,"minecraft:enchanting_table":2,"minecraft:leather":9,"alexsmobs:bison_fur":1,"minecraft:tuff":2,"minecraft:oak_log":1,"minecraft:gunpowder":1,"minecraft:lapis_lazuli":22,"minecraft:dirt":5,"tombstone:gift":1,"minecraft:chipped_anvil":2,"minecraft:bone":5,"minecraft:raw_gold":10,"minecraft:iron_ingot":2,"tombstone:bag_of_seeds":2,"luminousworld:white_petunias":2,"minecraft:iron_sword":5,"minecraft:oak_planks":1,"minecraft:spruce_sapling":1,"minecraft:spider_eye":3,"minecraft:mossy_cobblestone":4,"twilightforest:time_chest":2,"minecraft:slime_ball":1,"minecraft:chainmail_leggings":1,"minecraft:emerald":1,"minecraft:dark_oak_wood":7,"minecraft:coal":1},"minecraft:used":{"minecraft:chest":1,"minecraft:shield":45,"minecraft:iron_sword":38,"minecraft:torch":46,"minecraft:brewing_stand":1,"minecraft:dirt":5,"minecraft:spruce_stairs":1,"minecraft:spruce_fence":2,"minecraft:iron_axe":22,"minecraft:iron_boots":2,"minecraft:smooth_quartz":9,"tombstone:gift":2,"minecraft:cobbled_deepslate":12,"minecraft:oak_planks":1,"minecraft:golden_apple":1,"minecraft:mossy_cobblestone":2,"minecraft:crafting_table":4,"minecraft:bread":38,"minecraft:iron_pickaxe":133,"minecraft:diamond_sword":84,"quark:dark_oak_chest":1,"minecraft:cobblestone":40,"minecraft:chainmail_boots":2,"alexsmobs:animal_dictionary":1},"minecraft:mined":{"twilightforest:time_chest":1,"minecraft:tuff":2,"minecraft:spruce_planks":5,"minecraft:mossy_cobblestone":2,"minecraft:brewing_stand":2,"minecraft:granite":1,"minecraft:spruce_fence":7,"minecraft:grass_block":2,"minecraft:spruce_leaves":3,"minecraft:spawner":19,"minecraft:iron_ore":1,"minecraft:fire":2,"minecraft:deepslate_lapis_ore":3,"minecraft:enchanting_table":1,"minecraft:deepslate_iron_ore":8,"minecraft:vine":1,"minecraft:stone":50,"minecraft:crafting_table":3,"minecraft:torch":1,"minecraft:dark_oak_wood":9,"minecraft:chest":1,"minecraft:tall_grass":2,"minecraft:cobblestone":1,"minecraft:oak_planks":1,"minecraft:spruce_stairs":1,"minecraft:grass":1,"minecraft:oak_log":1,"minecraft:dirt":4,"minecraft:cyan_carpet":1,"minecraft:smooth_quartz":14,"minecraft:chipped_anvil":1,"minecraft:deepslate":17},"minecraft:custom":{"minecraft:mob_kills":21,"minecraft:interact_with_crafting_table":17,"minecraft:open_barrel":6,"minecraft:damage_dealt_resisted":1452,"minecraft:leave_game":5,"minecraft:time_since_death":13590,"minecraft:climb_one_cm":4862,"minecraft:sprint_one_cm":298422,"minecraft:walk_one_cm":117064,"minecraft:damage_blocked_by_shield":753,"minecraft:drop":49,"minecraft:play_time":87558,"minecraft:deaths":10,"minecraft:sneak_time":896,"minecraft:walk_under_water_one_cm":2144,"minecraft:jump":2017,"minecraft:interact_with_brewingstand":1,"minecraft:walk_on_water_one_cm":9312,"minecraft:total_world_time":87558,"minecraft:tune_noteblock":4,"minecraft:time_since_rest":12718,"minecraft:damage_taken":4405,"minecraft:damage_absorbed":12,"minecraft:damage_dealt":6633,"minecraft:swim_one_cm":21193,"minecraft:fly_one_cm":503727,"minecraft:open_chest":52,"minecraft:crouch_one_cm":1348,"tombstone:undead_killed":7,"minecraft:fall_one_cm":53189},"minecraft:dropped":{"born_in_chaos_v1:intoxicating_decoction":1,"minecraft:iron_sword":5,"minecraft:mossy_cobblestone":4,"minecraft:golden_pickaxe":2,"luminousworld:white_petunias":2,"minecraft:leather":6,"minecraft:iron_horse_armor":1,"minecraft:saddle":1,"minecraft:chainmail_helmet":1,"minecraft:emerald":1,"minecraft:cobweb":3,"minecraft:smooth_quartz":1,"minecraft:potion":2,"minecraft:oak_stairs":1,"minecraft:chainmail_leggings":1,"minecraft:cyan_carpet":1,"minecraft:spruce_sapling":1,"minecraft:bone":38,"minecraft:rotten_flesh":8,"minecraft:chainmail_chestplate":1,"luminousworld:yellow_grassflowers":1,"minecraft:diamond_sword":3,"supplementaries:ash":1,"minecraft:spider_eye":1,"minecraft:slime_ball":1,"minecraft:beef":6,"minecraft:raw_gold":10,"minecraft:enchanting_table":1,"twilightforest:time_chest":1},"minecraft:crafted":{"minecraft:oak_planks":4,"quark:dark_oak_chest":1,"minecraft:iron_axe":1,"tombstone:grave_key":4,"minecraft:dark_oak_planks":28,"sophisticatedbackpacks:iron_backpack":1,"sophisticatedbackpacks:backpack":1,"minecraft:crafting_table":2,"minecraft:iron_sword":1,"sophisticatedbackpacks:gold_backpack":1,"minecraft:bread":3,"minecraft:shield":1,"minecraft:stick":21,"minecraft:iron_pickaxe":1,"minecraft:torch":56},"minecraft:killed":{"minecraft:cave_spider":2,"earthmobsmod:jumbo_rabbit":1,"minecraft:spider":4,"enemyexpansion:direwolf":1,"alexsmobs:bison":1,"enemyexpansion:goblin":1,"undead_revamp2:the_moonflower":3,"earthmobsmod:cream_cow":3,"born_in_chaos_v1:decrepit_skeleton":1,"born_in_chaos_v1:door_knight":1,"minecraft:wither_skeleton":2},"minecraft:killed_by":{"minecraft:zombie_villager":2,"undead_revamp2:the_moonflower":2,"minecraft:wither_skeleton":2,"minecraft:cave_spider":1,"minecraft:skeleton":1}},"DataVersion":3465}