{"stats":{"minecraft:killed_by":{"minecraft:zombie_villager":2,"undead_revamp2:the_moonflower":2,"minecraft:wither_skeleton":2,"iceandfire:cyclops":5,"alexsmobs:tusklin":1,"undead_revamp2:clogger":2,"minecraft:cave_spider":1,"iceandfire:ice_dragon":1,"minecraft:zombie":3,"luminousworld:frost_bitten_skeleton":1,"undead_revamp2:theheavy":1,"enemyexpansion:silverqueen":1,"iceandfire:fire_dragon":8,"undead_revamp2:thespitter":1,"minecraft:skeleton":6},"minecraft:custom":{"minecraft:interact_with_crafting_table":72,"minecraft:open_barrel":27,"minecraft:bell_ring":83,"minecraft:eat_cake_slice":5,"minecraft:leave_game":17,"minecraft:time_since_death":29230,"minecraft:sprint_one_cm":1498247,"minecraft:damage_blocked_by_shield":3542,"minecraft:drop":181,"minecraft:talked_to_villager":226,"minecraft:play_time":642750,"minecraft:deaths":43,"minecraft:interact_with_brewingstand":1,"minecraft:jump":10140,"minecraft:walk_on_water_one_cm":63663,"minecraft:enchant_item":3,"minecraft:interact_with_furnace":47,"minecraft:traded_with_villager":53,"minecraft:interact_with_loom":9,"minecraft:sleep_in_bed":28,"minecraft:damage_dealt":36689,"minecraft:crouch_one_cm":15986,"tombstone:undead_killed":100,"tombstone:villager_killed":1,"minecraft:interact_with_anvil":8,"minecraft:mob_kills":159,"minecraft:damage_dealt_resisted":2225,"minecraft:climb_one_cm":11144,"minecraft:walk_one_cm":1424187,"minecraft:sneak_time":8237,"minecraft:walk_under_water_one_cm":38201,"minecraft:interact_with_blast_furnace":1,"minecraft:total_world_time":642750,"minecraft:tune_noteblock":4,"minecraft:interact_with_stonecutter":3,"minecraft:time_since_rest":7051,"minecraft:damage_absorbed":12,"minecraft:damage_taken":18540,"minecraft:trigger_trapped_chest":1,"minecraft:swim_one_cm":79803,"minecraft:fly_one_cm":2548844,"minecraft:open_chest":510,"minecraft:fall_one_cm":237454},"minecraft:killed":{"luminousworld:miner_zombie":2,"minecraft:cave_spider":2,"earthmobsmod:jumbo_rabbit":1,"born_in_chaos_v1:zombie_lumberjack":1,"born_in_chaos_v1:skeleton_demoman":1,"minecraft:spider":4,"enemyexpansion:equestrian":1,"luminousworld:frost_bitten_skeleton":7,"undead_revamp2:thesmoker":2,"creeperoverhaul:dripstone_creeper":1,"born_in_chaos_v1:baby_skeleton_minion":4,"undead_revamp2:theswarmer":1,"minecraft:skeleton":17,"minecraft:silverfish":6,"alexsmobs:centipede_head":1,"born_in_chaos_v1:firelight_not_despawn":1,"born_in_chaos_v1:bonescaller":1,"born_in_chaos_v1:diamond_termite":4,"minecraft:creeper":1,"minecraft:zombie":39,"born_in_chaos_v1:corpse_fly":1,"enemyexpansion:botfly":3,"born_in_chaos_v1:door_knight":1,"minecraft:cow":1,"luminousworld:frostbitten_zombie":11,"enemyexpansion:direwolf":4,"born_in_chaos_v1:maggot":9,"minecraft:horse":1,"iceandfire:fire_dragon":1,"alexsmobs:bison":1,"undead_revamp2:thehorrors":1,"enemyexpansion:goblin":1,"earthmobsmod:bouldering_zombie":1,"iceandfire:cyclops":1,"born_in_chaos_v1:swarmer":1,"undead_revamp2:the_moonflower":5,"earthmobsmod:cream_cow":3,"born_in_chaos_v1:decrepit_skeleton":1,"iceandfire:ghost":1,"minecraft:wither_skeleton":2,"minecraft:villager":1},"minecraft:mined":{"minecraft:dark_oak_planks":8,"born_in_chaos_v1:cultivated_pumpkin":1,"minecraft:spruce_planks":17,"minecraft:cobblestone_stairs":4,"minecraft:obsidian":4,"minecraft:brewing_stand":2,"minecraft:spruce_trapdoor":36,"minecraft:granite":11,"minecraft:stone_brick_wall":3,"minecraft:grass_block":13,"quark:yellow_corundum":1,"minecraft:coal_block":21,"minecraft:polished_diorite":22,"minecraft:oxeye_daisy":1,"minecraft:spawner":25,"minecraft:mossy_cobblestone_stairs":2,"minecraft:iron_ore":12,"minecraft:fire":4,"minecraft:cobbled_deepslate":10,"quark:golden_apple_crate":1,"minecraft:pumpkin":2,"minecraft:deepslate_lapis_ore":12,"minecraft:fletching_table":4,"minecraft:brown_bed":1,"minecraft:azure_bluet":2,"minecraft:dark_oak_stairs":40,"minecraft:enchanting_table":3,"minecraft:oak_sign":1,"iceandfire:gold_pile":14,"minecraft:dirt_path":180,"minecraft:oak_stairs":2,"minecraft:iron_bars":2,"minecraft:spruce_pressure_plate":1,"quark:indigo_corundum":1,"minecraft:iron_block":6,"minecraft:spruce_slab":6,"minecraft:red_bed":7,"minecraft:torch":2,"minecraft:dark_oak_wood":9,"minecraft:blast_furnace":2,"minecraft:chest":1,"minecraft:polished_diorite_slab":2,"minecraft:spruce_wall_sign":1,"minecraft:glass":12,"minecraft:cobblestone":11,"minecraft:damaged_anvil":3,"minecraft:cyan_bed":1,"minecraft:oak_planks":8,"minecraft:grindstone":1,"minecraft:blue_ice":77,"minecraft:tnt":3,"minecraft:black_bed":1,"minecraft:grass":3,"minecraft:oak_log":36,"minecraft:dirt":803,"minecraft:sand":368,"minecraft:smooth_quartz":14,"minecraft:brown_candle":1,"minecraft:oak_leaves":2,"minecraft:deepslate":155,"twilightforest:time_chest":1,"alexscaves:spelunkery_table":2,"minecraft:crying_obsidian":5,"minecraft:tuff":15,"minecraft:quartz_stairs":8,"minecraft:mossy_cobblestone":6,"luminousworld:grassvariant_4":1,"minecraft:deepslate_diamond_ore":19,"born_in_chaos_v1:infected_diamond_ore":3,"minecraft:dark_oak_fence":12,"minecraft:spruce_fence":12,"quark:chute":1,"luminousworld:blackberrybush":1,"minecraft:spruce_leaves":98,"minecraft:large_fern":5,"minecraft:spruce_sapling":27,"minecraft:furnace":1,"minecraft:snow":83,"minecraft:stripped_spruce_log":27,"minecraft:gold_block":2,"minecraft:bell":5,"minecraft:bookshelf":29,"minecraft:deepslate_iron_ore":10,"minecraft:vine":7,"luminousworld:snowgrass":2,"minecraft:lantern":1,"minecraft:stripped_oak_log":1,"minecraft:bamboo_sapling":1,"iceandfire:frost_lily":1,"minecraft:bamboo":23,"minecraft:stone":747,"minecraft:smithing_table":3,"minecraft:snow_block":248,"minecraft:brown_carpet":1,"minecraft:dandelion":1,"minecraft:oak_fence":1,"minecraft:crafting_table":4,"quark:spruce_bookshelf":13,"minecraft:campfire":1,"minecraft:lectern":158,"minecraft:tall_grass":4,"minecraft:diorite":36,"minecraft:blue_bed":32,"supplementaries:urn":15,"minecraft:spruce_stairs":2,"minecraft:coarse_dirt":1,"minecraft:ice":1,"minecraft:spruce_log":333,"iceandfire:ash":1,"minecraft:yellow_bed":1,"quark:deepslate_furnace":1,"luminousworld:clovers_5":1,"minecraft:coal_ore":22,"luminousworld:ishstone":2,"minecraft:cyan_carpet":1,"minecraft:flower_pot":3,"quark:spruce_chest":16,"minecraft:gravel":5,"minecraft:gray_carpet":58,"minecraft:cobweb":1,"minecraft:spruce_fence_gate":2,"minecraft:stone_bricks":5,"minecraft:chipped_anvil":2},"minecraft:broken":{"minecraft:iron_boots":2,"minecraft:iron_chestplate":1,"minecraft:iron_leggings":1,"minecraft:chainmail_chestplate":1,"minecraft:chainmail_leggings":1,"aether:iron_gloves":1,"minecraft:chainmail_helmet":1,"minecraft:shield":2,"minecraft:iron_axe":1,"minecraft:iron_helmet":1},"minecraft:used":{"minecraft:chest":1,"minecraft:shield":203,"minecraft:bell":4,"minecraft:iron_sword":38,"minecraft:obsidian":1,"minecraft:snowball":16,"minecraft:tuff":12,"endrem:old_eye":1,"minecraft:glass":247,"minecraft:lava_bucket":10,"quark:deepslate_furnace":2,"minecraft:lantern":3,"quark:chute":1,"minecraft:stone_bricks":2,"minecraft:item_frame":25,"minecraft:bow":58,"ironchest:obsidian_chest":1,"minecraft:furnace":1,"minecraft:dark_oak_stairs":5,"minecraft:diorite":17,"minecraft:damaged_anvil":2,"minecraft:oak_planks":115,"minecraft:blue_bed":21,"minecraft:diamond_axe":713,"minecraft:white_wool":4,"minecraft:golden_apple":1,"minecraft:sand":4,"quark:golden_apple_crate":2,"minecraft:blast_furnace":2,"minecraft:bread":176,"minecraft:cyan_bed":1,"minecraft:lectern":162,"tombstone:grave_key":11,"minecraft:gravel":2,"minecraft:diamond_sword":527,"minecraft:chainmail_boots":2,"minecraft:smithing_table":2,"minecraft:bone_meal":64,"minecraft:enchanting_table":3,"minecraft:spruce_planks":142,"quark:spruce_bookshelf":35,"minecraft:dirt":282,"minecraft:torch":71,"minecraft:brewing_stand":1,"minecraft:spruce_stairs":1,"minecraft:granite":9,"minecraft:spruce_fence":3,"minecraft:polished_diorite":13,"minecraft:dark_oak_planks":4,"minecraft:chipped_anvil":2,"quark:spruce_chest":17,"minecraft:iron_axe":254,"minecraft:iron_boots":2,"minecraft:smooth_quartz":9,"minecraft:bamboo":55,"alexscaves:spelunkery_table":1,"tombstone:gift":8,"minecraft:cobbled_deepslate":115,"minecraft:water_bucket":9,"tombstone:scroll_of_knowledge":1,"minecraft:fletching_table":6,"luminousworld:ishstone":2,"minecraft:stonecutter":1,"minecraft:mossy_cobblestone":3,"minecraft:crafting_table":9,"minecraft:red_bed":5,"supplementaries:bomb":1,"born_in_chaos_v1:cultivated_pumpkin":1,"minecraft:spruce_log":179,"minecraft:diamond_pickaxe":1141,"minecraft:diamond_shovel":1644,"minecraft:iron_pickaxe":230,"minecraft:spruce_trapdoor":22,"minecraft:spruce_sapling":51,"quark:dark_oak_chest":1,"minecraft:cobblestone":82,"minecraft:bucket":19,"alexsmobs:animal_dictionary":1},"minecraft:dropped":{"minecraft:iron_sword":5,"minecraft:golden_pickaxe":2,"luminousworld:white_petunias":2,"minecraft:lantern":2,"minecraft:black_bed":1,"minecraft:leather":6,"minecraft:iron_horse_armor":1,"minecraft:saddle":1,"minecraft:leather_helmet":3,"minecraft:cobblestone_stairs":2,"sophisticatedbackpacks:gold_backpack":1,"minecraft:emerald":1,"minecraft:dirt":5,"minecraft:cornflower":1,"minecraft:snowball":96,"undead_revamp2:blacpetalblock":1,"minecraft:cyan_carpet":1,"luminousworld:clovers_1":1,"minecraft:bone":38,"minecraft:oak_door":2,"minecraft:detector_rail":11,"minecraft:pointed_dripstone":1,"minecraft:rotten_flesh":59,"minecraft:oak_planks":2,"minecraft:diamond_shovel":1,"sophisticatedbackpacks:diamond_backpack":1,"minecraft:chainmail_chestplate":4,"minecraft:leather_chestplate":2,"supplementaries:flax_seeds":1,"supplementaries:ash":1,"minecraft:melon_seeds":4,"minecraft:leather_leggings":2,"minecraft:spruce_slab":2,"minecraft:beef":6,"minecraft:enchanting_table":2,"minecraft:bread":78,"born_in_chaos_v1:intoxicating_decoction":1,"luminousworld:ishstone":4,"minecraft:mossy_cobblestone":6,"minecraft:oak_fence":1,"minecraft:cobblestone":4,"minecraft:apple":1,"minecraft:granite":2,"minecraft:spruce_stairs":2,"minecraft:chainmail_helmet":1,"minecraft:cobweb":3,"minecraft:diorite":3,"tombstone:grave_key":2,"minecraft:smooth_quartz":1,"minecraft:dead_bush":2,"minecraft:potion":2,"minecraft:iron_leggings":3,"minecraft:oak_stairs":1,"minecraft:mossy_cobblestone_stairs":2,"minecraft:chainmail_leggings":15,"minecraft:spruce_sapling":1,"minecraft:polished_diorite":1,"minecraft:coarse_dirt":1,"minecraft:raw_copper":1,"minecraft:tuff":11,"minecraft:iron_boots":2,"minecraft:spruce_fence":4,"minecraft:pumpkin_seeds":4,"luminousworld:yellow_grassflowers":1,"minecraft:diamond_sword":7,"minecraft:bundle":1,"minecraft:iron_chestplate":2,"minecraft:brown_bed":1,"minecraft:spider_eye":1,"minecraft:stone_bricks":3,"minecraft:diamond_boots":2,"minecraft:slime_ball":1,"minecraft:bow":2,"minecraft:stone_pickaxe":1,"minecraft:raw_gold":10,"twilightforest:time_chest":1},"minecraft:crafted":{"minecraft:smooth_stone":128,"minecraft:oak_planks":188,"minecraft:cobblestone_slab":6,"hangglider:hang_glider":1,"minecraft:stone":131,"minecraft:diamond_shovel":1,"quark:deepslate_furnace":1,"minecraft:glass":287,"minecraft:iron_boots":1,"quark:golden_apple_crate":1,"tombstone:grave_key":9,"minecraft:polished_diorite_slab":6,"sophisticatedbackpacks:backpack":2,"minecraft:emerald":27,"minecraft:diamond_axe":1,"minecraft:crafting_table":6,"minecraft:spruce_planks":640,"minecraft:iron_helmet":1,"minecraft:chainmail_chestplate":1,"minecraft:fletching_table":3,"ironchest:diamond_chest":1,"minecraft:spruce_trapdoor":6,"minecraft:lectern":4,"minecraft:diamond_pickaxe":1,"minecraft:shield":2,"sophisticatedbackpacks:diamond_backpack":1,"minecraft:stick":533,"minecraft:iron_ingot":12,"minecraft:iron_pickaxe":1,"minecraft:gold_ingot":9,"hangglider:glider_framework":1,"minecraft:coal":90,"minecraft:furnace":1,"minecraft:blast_furnace":1,"minecraft:bone_meal":99,"hangglider:glider_wing":2,"quark:dark_oak_chest":1,"minecraft:iron_axe":1,"minecraft:spruce_slab":36,"quark:spruce_chest":3,"minecraft:dark_oak_planks":28,"minecraft:chainmail_leggings":12,"quark:chute":1,"sophisticatedbackpacks:iron_backpack":2,"ironchest:gold_chest":1,"born_in_chaos_v1:cultivated_pumpkin":1,"minecraft:enchanting_table":1,"minecraft:iron_sword":1,"sophisticatedbackpacks:gold_backpack":2,"minecraft:enchanted_book":4,"minecraft:bread":3,"minecraft:air":0,"quark:spruce_bookshelf":39,"minecraft:golden_apple":2,"ironchest:obsidian_chest":1,"minecraft:iron_leggings":9,"minecraft:stonecutter":1,"minecraft:torch":56,"ironchest:iron_chest":1},"minecraft:picked_up":{"minecraft:iron_chestplate":6,"minecraft:wheat":4,"minecraft:chainmail_boots":2,"minecraft:creeper_head":2,"minecraft:flower_pot":3,"minecraft:smithing_table":3,"minecraft:diamond_sword":11,"aether:iron_gloves":1,"minecraft:oak_stairs":5,"minecraft:enchanted_book":2,"minecraft:potion":2,"tombstone:grave_key":2,"minecraft:brewing_stand":2,"iceandfire:manuscript":11,"minecraft:music_disc_cat":1,"minecraft:string":15,"minecraft:raw_copper":1,"minecraft:smooth_stone_slab":1,"minecraft:iron_leggings":3,"minecraft:beetroot_soup":3,"minecraft:armor_stand":3,"minecraft:experience_bottle":1,"minecraft:oak_sign":2,"minecraft:gold_nugget":140,"minecraft:cobbled_deepslate":69,"minecraft:spruce_planks":13,"iceandfire:frost_lily":1,"minecraft:iron_pickaxe":3,"minecraft:smooth_quartz":13,"iceandfire:dragonscales_red":7,"minecraft:melon_slice":1,"minecraft:coal_block":21,"minecraft:iron_boots":5,"minecraft:furnace":1,"minecraft:dark_oak_door":1,"minecraft:spruce_pressure_plate":2,"minecraft:stick":15,"minecraft:big_dripleaf":5,"minecraft:oak_fence":2,"minecraft:torch":27,"minecraft:spruce_stairs":4,"quark:yellow_corundum_cluster":2,"minecraft:snow_block":5,"iceandfire:rotten_egg":1,"minecraft:pointed_dripstone":1,"tombstone:grave_dust":11,"minecraft:diorite":35,"minecraft:brown_carpet":1,"luminousworld:grassflowers":2,"minecraft:stone_sword":1,"quark:clear_shard":37,"minecraft:rotten_flesh":56,"luminousworld:yellow_grassflowers":2,"aether:chainmail_gloves":2,"supplementaries:antique_ink":1,"iceandfire:fire_dragon_heart":2,"minecraft:iron_block":6,"born_in_chaos_v1:cultivated_pumpkin":1,"supplementaries:ash":16,"minecraft:obsidian":14,"minecraft:iron_bars":1,"minecraft:snowball":749,"minecraft:cobblestone":730,"minecraft:enchanting_table":4,"minecraft:leather_chestplate":2,"minecraft:polished_diorite_slab":4,"minecraft:cooked_beef":1,"minecraft:potato":9,"alexsmobs:bison_fur":1,"minecraft:flint":2,"minecraft:tuff":10,"minecraft:lapis_lazuli":76,"minecraft:dirt":929,"minecraft:lantern":8,"minecraft:purple_carpet":1,"minecraft:bone":33,"minecraft:chipped_anvil":3,"minecraft:bow":4,"minecraft:wheat_seeds":8,"minecraft:raw_gold":10,"minecraft:bell":4,"minecraft:fletching_table":4,"minecraft:bamboo":112,"minecraft:oak_planks":8,"earthmobsmod:harder_flesh":1,"minecraft:sand":333,"minecraft:stripped_spruce_log":25,"naturalist:duck_egg":1,"minecraft:mossy_cobblestone":8,"minecraft:bundle":4,"minecraft:spruce_fence_gate":2,"twilightforest:time_chest":2,"born_in_chaos_v1:fire_dust":1,"minecraft:diamond":12,"minecraft:writable_book":1,"minecraft:granite":10,"minecraft:spruce_sign":7,"minecraft:emerald":3,"minecraft:bread":61,"minecraft:light_gray_carpet":1,"minecraft:dark_oak_fence":11,"minecraft:charcoal":2,"luminousworld:groundpebbles_1":3,"minecraft:crafting_table":4,"minecraft:azure_bluet":2,"iceandfire:witherbone":1,"minecraft:clay_ball":46,"born_in_chaos_v1:seedof_chaos":1,"minecraft:golden_pickaxe":2,"minecraft:leather_leggings":2,"minecraft:stone_brick_wall":6,"minecraft:gold_block":2,"minecraft:diamond_horse_armor":2,"minecraft:oak_trapdoor":1,"minecraft:red_bed":6,"born_in_chaos_v1:intoxicating_decoction":1,"minecraft:item_frame":20,"minecraft:white_carpet":6,"minecraft:cyan_carpet":1,"quark:chute":1,"quark:spruce_chest":16,"minecraft:beef":8,"minecraft:spruce_slab":6,"minecraft:lectern":158,"minecraft:quartz_stairs":7,"minecraft:chest":1,"minecraft:spruce_trapdoor":36,"quark:golden_apple_crate":1,"minecraft:raw_iron":24,"iceandfire:dragonbone":24,"iceandfire:dragonscales_gray":20,"minecraft:oak_door":2,"minecraft:spruce_fence":7,"quark:deepslate_furnace":1,"minecraft:stone_button":6,"minecraft:carrot":1,"minecraft:iron_horse_armor":1,"minecraft:dark_oak_planks":8,"iceandfire:dragon_skull_ice":1,"quark:yellow_corundum":1,"minecraft:arrow":23,"minecraft:beetroot_seeds":13,"minecraft:pumpkin_pie":1,"minecraft:diamond_boots":3,"minecraft:gold_ingot":1,"minecraft:saddle":1,"tombstone:essence_of_undeath":1,"minecraft:mutton":11,"minecraft:white_wool":7,"minecraft:skeleton_skull":2,"minecraft:rail":1,"minecraft:oxeye_daisy":1,"minecraft:air":0,"luminousworld:ishstone":2,"minecraft:leather":19,"minecraft:oak_log":45,"minecraft:chainmail_chestplate":2,"minecraft:gunpowder":7,"minecraft:cobblestone_stairs":3,"minecraft:blue_bed":29,"minecraft:paper":12,"tombstone:gift":1,"minecraft:white_banner":13,"minecraft:cooked_mutton":1,"minecraft:stone_bricks":16,"minecraft:apple":16,"minecraft:gray_carpet":58,"minecraft:rabbit_hide":7,"minecraft:music_disc_far":1,"minecraft:iron_ingot":2,"minecraft:stone_pickaxe":1,"tombstone:bag_of_seeds":2,"luminousworld:white_petunias":4,"minecraft:iron_sword":6,"iceandfire:fire_dragon_flesh":9,"minecraft:dark_oak_stairs":39,"sophisticatedbackpacks:diamond_backpack":1,"minecraft:book":126,"luminousworld:clovers_1":3,"endrem:old_eye":1,"quark:white_shard":4,"minecraft:pumpkin":2,"minecraft:dandelion":2,"iceandfire:ash":2,"minecraft:quartz":1,"minecraft:dripstone_block":1,"minecraft:gravel":8,"minecraft:spruce_sapling":57,"minecraft:blast_furnace":2,"minecraft:spruce_log":328,"minecraft:crying_obsidian":5,"minecraft:spider_eye":3,"minecraft:leather_helmet":4,"minecraft:firework_rocket":1,"minecraft:diamond_shovel":1,"minecraft:slime_ball":1,"minecraft:polished_diorite":19,"minecraft:chainmail_leggings":4,"minecraft:iron_helmet":4,"tombstone:magic_scroll":1,"minecraft:damaged_anvil":2,"minecraft:dark_oak_wood":7,"minecraft:coal":93}},"DataVersion":3465}