{"stats":{"minecraft:broken":{"minecraft:chainmail_leggings":1,"minecraft:iron_boots":1,"minecraft:chainmail_helmet":1,"minecraft:chainmail_chestplate":1},"minecraft:picked_up":{"minecraft:iron_chestplate":1,"minecraft:crafting_table":3,"minecraft:chainmail_boots":1,"iceandfire:witherbone":1,"minecraft:clay_ball":46,"minecraft:golden_pickaxe":2,"minecraft:diamond_sword":5,"minecraft:oak_stairs":2,"minecraft:potion":2,"minecraft:brewing_stand":2,"minecraft:music_disc_cat":1,"minecraft:string":15,"born_in_chaos_v1:intoxicating_decoction":1,"minecraft:cyan_carpet":1,"minecraft:cobbled_deepslate":20,"minecraft:spruce_planks":3,"minecraft:beef":6,"minecraft:smooth_quartz":13,"minecraft:chest":1,"minecraft:iron_boots":1,"minecraft:stick":3,"minecraft:raw_iron":9,"minecraft:big_dripleaf":5,"minecraft:torch":4,"minecraft:spruce_stairs":1,"minecraft:spruce_fence":5,"tombstone:grave_dust":2,"minecraft:pointed_dripstone":1,"minecraft:diorite":10,"minecraft:iron_horse_armor":1,"minecraft:arrow":12,"minecraft:rotten_flesh":14,"luminousworld:yellow_grassflowers":1,"aether:chainmail_gloves":2,"supplementaries:ash":2,"minecraft:rail":1,"minecraft:cobblestone":45,"minecraft:enchanting_table":2,"minecraft:air":0,"minecraft:leather":9,"alexsmobs:bison_fur":1,"minecraft:tuff":2,"minecraft:oak_log":42,"minecraft:chainmail_chestplate":2,"minecraft:gunpowder":5,"minecraft:lapis_lazuli":28,"minecraft:dirt":9,"tombstone:gift":1,"minecraft:chipped_anvil":2,"minecraft:bone":5,"minecraft:raw_gold":10,"minecraft:iron_ingot":2,"tombstone:bag_of_seeds":2,"luminousworld:white_petunias":2,"minecraft:iron_sword":5,"minecraft:oak_planks":1,"minecraft:gravel":1,"minecraft:spruce_sapling":1,"minecraft:spider_eye":3,"minecraft:mossy_cobblestone":7,"minecraft:bundle":2,"twilightforest:time_chest":2,"minecraft:slime_ball":1,"minecraft:chainmail_leggings":1,"minecraft:emerald":1,"minecraft:dark_oak_wood":7,"minecraft:coal":1},"minecraft:used":{"minecraft:chest":1,"minecraft:shield":79,"minecraft:iron_sword":38,"minecraft:torch":61,"minecraft:brewing_stand":1,"minecraft:dirt":5,"minecraft:spruce_stairs":1,"minecraft:tuff":4,"minecraft:spruce_fence":2,"minecraft:iron_axe":74,"minecraft:iron_boots":2,"minecraft:smooth_quartz":9,"alexscaves:spelunkery_table":1,"tombstone:gift":6,"minecraft:cobbled_deepslate":60,"minecraft:diorite":9,"minecraft:oak_planks":1,"minecraft:golden_apple":1,"minecraft:mossy_cobblestone":3,"minecraft:crafting_table":5,"supplementaries:bomb":1,"minecraft:diamond_pickaxe":84,"minecraft:bread":62,"minecraft:iron_pickaxe":230,"tombstone:grave_key":1,"minecraft:diamond_sword":253,"quark:dark_oak_chest":1,"minecraft:cobblestone":50,"minecraft:chainmail_boots":2,"minecraft:bucket":1,"alexsmobs:animal_dictionary":1},"minecraft:mined":{"twilightforest:time_chest":1,"alexscaves:spelunkery_table":2,"minecraft:tuff":15,"minecraft:spruce_planks":7,"minecraft:mossy_cobblestone":5,"minecraft:deepslate_diamond_ore":9,"minecraft:cobblestone_stairs":2,"minecraft:brewing_stand":2,"born_in_chaos_v1:infected_diamond_ore":3,"minecraft:granite":1,"minecraft:spruce_fence":10,"minecraft:grass_block":2,"minecraft:spruce_leaves":8,"minecraft:spawner":20,"minecraft:mossy_cobblestone_stairs":2,"minecraft:iron_ore":1,"minecraft:cobbled_deepslate":7,"minecraft:fire":2,"minecraft:deepslate_lapis_ore":7,"minecraft:brown_bed":1,"minecraft:enchanting_table":1,"minecraft:deepslate_iron_ore":10,"minecraft:vine":2,"minecraft:stripped_oak_log":1,"minecraft:stone":58,"minecraft:crafting_table":3,"minecraft:torch":1,"minecraft:dark_oak_wood":9,"minecraft:chest":1,"minecraft:tall_grass":2,"minecraft:cobblestone":11,"minecraft:cyan_bed":1,"minecraft:oak_planks":2,"minecraft:damaged_anvil":1,"minecraft:diorite":11,"supplementaries:urn":13,"minecraft:spruce_stairs":1,"minecraft:coarse_dirt":1,"minecraft:black_bed":1,"minecraft:tnt":3,"minecraft:grass":1,"minecraft:oak_log":35,"minecraft:gravel":1,"minecraft:dirt":5,"minecraft:cyan_carpet":1,"minecraft:smooth_quartz":14,"minecraft:brown_candle":1,"minecraft:chipped_anvil":1,"minecraft:deepslate":114},"minecraft:custom":{"minecraft:interact_with_anvil":2,"minecraft:mob_kills":77,"minecraft:interact_with_crafting_table":18,"minecraft:open_barrel":14,"minecraft:damage_dealt_resisted":1492,"minecraft:leave_game":5,"minecraft:time_since_death":8646,"minecraft:climb_one_cm":6843,"minecraft:sprint_one_cm":439198,"minecraft:walk_one_cm":240095,"minecraft:damage_blocked_by_shield":1333,"minecraft:drop":95,"minecraft:play_time":135558,"minecraft:deaths":15,"minecraft:sneak_time":1796,"minecraft:walk_under_water_one_cm":6170,"minecraft:jump":2808,"minecraft:interact_with_brewingstand":1,"minecraft:walk_on_water_one_cm":20959,"minecraft:total_world_time":135558,"minecraft:interact_with_furnace":1,"minecraft:tune_noteblock":4,"minecraft:interact_with_loom":9,"minecraft:sleep_in_bed":2,"minecraft:time_since_rest":8293,"minecraft:damage_taken":6791,"minecraft:damage_absorbed":12,"minecraft:damage_dealt":17949,"minecraft:swim_one_cm":27397,"minecraft:fly_one_cm":606692,"minecraft:open_chest":61,"minecraft:crouch_one_cm":2924,"tombstone:undead_killed":44,"minecraft:fall_one_cm":68065},"minecraft:dropped":{"born_in_chaos_v1:intoxicating_decoction":1,"minecraft:iron_sword":5,"luminousworld:ishstone":4,"minecraft:mossy_cobblestone":6,"minecraft:golden_pickaxe":2,"luminousworld:white_petunias":2,"minecraft:cobblestone":4,"minecraft:leather":6,"minecraft:granite":1,"minecraft:iron_horse_armor":1,"minecraft:saddle":1,"minecraft:chainmail_helmet":1,"minecraft:emerald":1,"minecraft:cobweb":3,"minecraft:diorite":3,"minecraft:smooth_quartz":1,"minecraft:potion":2,"minecraft:oak_stairs":1,"minecraft:mossy_cobblestone_stairs":2,"minecraft:chainmail_leggings":1,"minecraft:cyan_carpet":1,"minecraft:spruce_sapling":1,"minecraft:bone":38,"minecraft:coarse_dirt":1,"minecraft:tuff":11,"minecraft:pointed_dripstone":1,"minecraft:rotten_flesh":8,"minecraft:oak_planks":2,"minecraft:spruce_fence":4,"minecraft:pumpkin_seeds":4,"minecraft:chainmail_chestplate":2,"luminousworld:yellow_grassflowers":1,"minecraft:diamond_sword":5,"supplementaries:ash":1,"minecraft:melon_seeds":4,"minecraft:spider_eye":1,"minecraft:slime_ball":1,"minecraft:beef":6,"minecraft:raw_gold":10,"minecraft:enchanting_table":1,"twilightforest:time_chest":1},"minecraft:crafted":{"minecraft:oak_planks":4,"quark:dark_oak_chest":1,"minecraft:iron_axe":1,"tombstone:grave_key":6,"minecraft:dark_oak_planks":28,"sophisticatedbackpacks:iron_backpack":1,"sophisticatedbackpacks:backpack":1,"minecraft:crafting_table":2,"minecraft:iron_sword":1,"sophisticatedbackpacks:gold_backpack":1,"minecraft:bread":3,"minecraft:shield":1,"sophisticatedbackpacks:diamond_backpack":1,"minecraft:stick":21,"minecraft:iron_pickaxe":1,"minecraft:torch":56},"minecraft:killed":{"luminousworld:miner_zombie":2,"minecraft:cave_spider":2,"earthmobsmod:jumbo_rabbit":1,"minecraft:spider":4,"enemyexpansion:direwolf":1,"creeperoverhaul:dripstone_creeper":1,"born_in_chaos_v1:maggot":6,"minecraft:skeleton":8,"alexsmobs:centipede_head":1,"alexsmobs:bison":1,"enemyexpansion:goblin":1,"born_in_chaos_v1:diamond_termite":4,"born_in_chaos_v1:swarmer":1,"undead_revamp2:the_moonflower":4,"earthmobsmod:cream_cow":3,"minecraft:creeper":1,"born_in_chaos_v1:decrepit_skeleton":1,"minecraft:zombie":25,"born_in_chaos_v1:corpse_fly":1,"enemyexpansion:botfly":1,"born_in_chaos_v1:door_knight":1,"minecraft:wither_skeleton":2},"minecraft:killed_by":{"minecraft:zombie_villager":2,"undead_revamp2:the_moonflower":2,"minecraft:wither_skeleton":2,"minecraft:cave_spider":1,"minecraft:skeleton":3,"minecraft:zombie":2}},"DataVersion":3465}