{"stats":{"minecraft:crafted":{"minecraft:smooth_stone":128,"minecraft:oak_planks":188,"minecraft:cobblestone_slab":6,"hangglider:hang_glider":1,"minecraft:stone":131,"minecraft:diamond_shovel":1,"quark:deepslate_furnace":1,"minecraft:glass":287,"minecraft:iron_boots":1,"tombstone:grave_key":7,"minecraft:polished_diorite_slab":6,"minecraft:emerald":8,"sophisticatedbackpacks:backpack":2,"minecraft:diamond_axe":1,"minecraft:crafting_table":6,"minecraft:spruce_planks":616,"minecraft:iron_helmet":1,"minecraft:fletching_table":3,"minecraft:spruce_trapdoor":6,"minecraft:lectern":4,"minecraft:diamond_pickaxe":1,"minecraft:shield":1,"sophisticatedbackpacks:diamond_backpack":1,"minecraft:stick":21,"minecraft:iron_ingot":11,"minecraft:iron_pickaxe":1,"hangglider:glider_framework":1,"minecraft:coal":90,"minecraft:blast_furnace":1,"minecraft:furnace":1,"minecraft:bone_meal":96,"hangglider:glider_wing":2,"quark:dark_oak_chest":1,"minecraft:iron_axe":1,"minecraft:spruce_slab":36,"quark:spruce_chest":3,"minecraft:dark_oak_planks":28,"quark:chute":1,"sophisticatedbackpacks:iron_backpack":2,"minecraft:enchanting_table":1,"minecraft:iron_sword":1,"sophisticatedbackpacks:gold_backpack":2,"minecraft:enchanted_book":3,"minecraft:bread":3,"minecraft:air":0,"quark:spruce_bookshelf":39,"minecraft:stonecutter":1,"minecraft:iron_leggings":1,"minecraft:torch":56},"minecraft:dropped":{"minecraft:iron_sword":5,"minecraft:golden_pickaxe":2,"luminousworld:white_petunias":2,"minecraft:black_bed":1,"minecraft:leather":6,"minecraft:iron_horse_armor":1,"minecraft:saddle":1,"minecraft:emerald":1,"sophisticatedbackpacks:gold_backpack":1,"minecraft:cobblestone_stairs":2,"minecraft:dirt":5,"minecraft:cornflower":1,"minecraft:snowball":96,"undead_revamp2:blacpetalblock":1,"luminousworld:clovers_1":1,"minecraft:cyan_carpet":1,"minecraft:bone":38,"minecraft:detector_rail":11,"minecraft:pointed_dripstone":1,"minecraft:rotten_flesh":59,"minecraft:oak_planks":2,"minecraft:diamond_shovel":1,"sophisticatedbackpacks:diamond_backpack":1,"minecraft:chainmail_chestplate":3,"supplementaries:flax_seeds":1,"supplementaries:ash":1,"minecraft:melon_seeds":4,"minecraft:spruce_slab":2,"minecraft:beef":6,"minecraft:enchanting_table":2,"minecraft:bread":40,"born_in_chaos_v1:intoxicating_decoction":1,"luminousworld:ishstone":4,"minecraft:mossy_cobblestone":6,"minecraft:cobblestone":4,"minecraft:granite":2,"minecraft:chainmail_helmet":1,"minecraft:cobweb":3,"minecraft:diorite":3,"tombstone:grave_key":2,"minecraft:smooth_quartz":1,"minecraft:potion":2,"minecraft:dead_bush":2,"minecraft:oak_stairs":1,"minecraft:mossy_cobblestone_stairs":2,"minecraft:chainmail_leggings":3,"minecraft:spruce_sapling":1,"minecraft:polished_diorite":1,"minecraft:coarse_dirt":1,"minecraft:raw_copper":1,"minecraft:tuff":11,"minecraft:spruce_fence":4,"minecraft:pumpkin_seeds":4,"luminousworld:yellow_grassflowers":1,"minecraft:diamond_sword":5,"minecraft:bundle":1,"minecraft:brown_bed":1,"minecraft:spider_eye":1,"minecraft:slime_ball":1,"minecraft:bow":2,"minecraft:raw_gold":10,"twilightforest:time_chest":1},"minecraft:broken":{"minecraft:iron_boots":2,"minecraft:chainmail_chestplate":1,"minecraft:chainmail_leggings":1,"aether:iron_gloves":1,"minecraft:chainmail_helmet":1,"minecraft:iron_axe":1,"minecraft:iron_helmet":1},"minecraft:used":{"minecraft:chest":1,"minecraft:shield":133,"minecraft:iron_sword":38,"minecraft:bell":4,"endrem:old_eye":1,"minecraft:tuff":12,"minecraft:snowball":16,"minecraft:obsidian":1,"minecraft:glass":247,"minecraft:lava_bucket":10,"quark:deepslate_furnace":2,"minecraft:lantern":3,"quark:chute":1,"minecraft:bow":54,"minecraft:furnace":1,"minecraft:dark_oak_stairs":5,"minecraft:diorite":17,"minecraft:damaged_anvil":2,"minecraft:oak_planks":115,"minecraft:blue_bed":21,"minecraft:diamond_axe":461,"minecraft:white_wool":4,"minecraft:golden_apple":1,"minecraft:sand":4,"minecraft:blast_furnace":1,"minecraft:bread":119,"minecraft:cyan_bed":1,"minecraft:lectern":12,"tombstone:grave_key":5,"minecraft:gravel":2,"minecraft:diamond_sword":426,"minecraft:chainmail_boots":2,"minecraft:smithing_table":1,"minecraft:bone_meal":64,"minecraft:enchanting_table":3,"minecraft:spruce_planks":120,"quark:spruce_bookshelf":35,"minecraft:torch":71,"minecraft:dirt":207,"minecraft:brewing_stand":1,"minecraft:spruce_stairs":1,"minecraft:granite":9,"minecraft:spruce_fence":3,"minecraft:polished_diorite":13,"minecraft:dark_oak_planks":4,"minecraft:chipped_anvil":2,"quark:spruce_chest":17,"minecraft:iron_axe":254,"minecraft:iron_boots":2,"minecraft:smooth_quartz":9,"minecraft:bamboo":26,"alexscaves:spelunkery_table":1,"tombstone:gift":8,"minecraft:cobbled_deepslate":115,"tombstone:scroll_of_knowledge":1,"minecraft:stonecutter":1,"minecraft:fletching_table":3,"luminousworld:ishstone":2,"minecraft:mossy_cobblestone":3,"minecraft:crafting_table":9,"minecraft:red_bed":5,"supplementaries:bomb":1,"minecraft:spruce_log":110,"minecraft:diamond_pickaxe":1001,"minecraft:diamond_shovel":1541,"minecraft:iron_pickaxe":230,"minecraft:spruce_trapdoor":15,"minecraft:spruce_sapling":51,"quark:dark_oak_chest":1,"minecraft:cobblestone":82,"minecraft:bucket":11,"alexsmobs:animal_dictionary":1},"minecraft:killed":{"luminousworld:miner_zombie":2,"minecraft:cave_spider":2,"earthmobsmod:jumbo_rabbit":1,"born_in_chaos_v1:zombie_lumberjack":1,"minecraft:spider":4,"luminousworld:frost_bitten_skeleton":5,"undead_revamp2:thesmoker":2,"creeperoverhaul:dripstone_creeper":1,"minecraft:skeleton":16,"minecraft:silverfish":6,"alexsmobs:centipede_head":1,"born_in_chaos_v1:diamond_termite":4,"minecraft:creeper":1,"minecraft:zombie":37,"born_in_chaos_v1:corpse_fly":1,"enemyexpansion:botfly":3,"born_in_chaos_v1:door_knight":1,"minecraft:cow":1,"luminousworld:frostbitten_zombie":8,"enemyexpansion:direwolf":4,"born_in_chaos_v1:maggot":9,"minecraft:horse":1,"alexsmobs:bison":1,"enemyexpansion:goblin":1,"earthmobsmod:bouldering_zombie":1,"iceandfire:cyclops":1,"born_in_chaos_v1:swarmer":1,"undead_revamp2:the_moonflower":4,"earthmobsmod:cream_cow":3,"born_in_chaos_v1:decrepit_skeleton":1,"minecraft:wither_skeleton":2,"minecraft:villager":1},"minecraft:picked_up":{"minecraft:iron_chestplate":3,"minecraft:wheat":3,"minecraft:chainmail_boots":2,"minecraft:creeper_head":2,"minecraft:flower_pot":3,"minecraft:smithing_table":1,"minecraft:diamond_sword":6,"aether:iron_gloves":1,"minecraft:oak_stairs":4,"minecraft:potion":2,"minecraft:enchanted_book":1,"tombstone:grave_key":2,"minecraft:brewing_stand":2,"iceandfire:manuscript":11,"minecraft:music_disc_cat":1,"minecraft:string":15,"minecraft:raw_copper":1,"minecraft:iron_leggings":1,"minecraft:beetroot_soup":3,"minecraft:experience_bottle":1,"minecraft:gold_nugget":140,"minecraft:cobbled_deepslate":69,"minecraft:spruce_planks":7,"minecraft:smooth_quartz":13,"minecraft:iron_pickaxe":3,"minecraft:furnace":1,"minecraft:melon_slice":1,"minecraft:coal_block":18,"minecraft:iron_boots":2,"minecraft:dark_oak_door":1,"minecraft:spruce_pressure_plate":2,"minecraft:stick":15,"minecraft:big_dripleaf":5,"minecraft:oak_fence":1,"minecraft:torch":24,"minecraft:spruce_stairs":2,"minecraft:snow_block":5,"iceandfire:rotten_egg":1,"minecraft:pointed_dripstone":1,"tombstone:grave_dust":7,"minecraft:diorite":35,"minecraft:brown_carpet":1,"minecraft:rotten_flesh":42,"quark:clear_shard":37,"luminousworld:yellow_grassflowers":1,"aether:chainmail_gloves":2,"supplementaries:antique_ink":1,"minecraft:iron_block":5,"supplementaries:ash":3,"minecraft:obsidian":14,"minecraft:iron_bars":1,"minecraft:snowball":749,"minecraft:cobblestone":647,"minecraft:enchanting_table":4,"minecraft:polished_diorite_slab":4,"minecraft:cooked_beef":1,"minecraft:potato":9,"alexsmobs:bison_fur":1,"minecraft:flint":1,"minecraft:tuff":10,"minecraft:lapis_lazuli":76,"minecraft:dirt":807,"minecraft:lantern":3,"minecraft:bone":26,"minecraft:chipped_anvil":3,"minecraft:bow":2,"minecraft:wheat_seeds":2,"minecraft:raw_gold":10,"minecraft:bell":4,"minecraft:bamboo":21,"minecraft:oak_planks":7,"earthmobsmod:harder_flesh":1,"minecraft:sand":333,"minecraft:stripped_spruce_log":25,"naturalist:duck_egg":1,"minecraft:mossy_cobblestone":8,"minecraft:bundle":3,"minecraft:spruce_fence_gate":2,"twilightforest:time_chest":2,"minecraft:diamond":12,"minecraft:writable_book":1,"minecraft:granite":9,"minecraft:spruce_sign":7,"minecraft:emerald":3,"minecraft:bread":23,"minecraft:dark_oak_fence":11,"luminousworld:groundpebbles_1":1,"minecraft:charcoal":2,"minecraft:crafting_table":4,"minecraft:azure_bluet":2,"iceandfire:witherbone":1,"minecraft:clay_ball":46,"minecraft:golden_pickaxe":2,"minecraft:diamond_horse_armor":2,"minecraft:red_bed":6,"minecraft:item_frame":11,"born_in_chaos_v1:intoxicating_decoction":1,"minecraft:cyan_carpet":1,"quark:chute":1,"quark:spruce_chest":15,"minecraft:beef":8,"minecraft:spruce_slab":6,"minecraft:lectern":10,"minecraft:quartz_stairs":7,"minecraft:chest":1,"minecraft:spruce_trapdoor":27,"minecraft:raw_iron":24,"iceandfire:dragonbone":1,"minecraft:spruce_fence":7,"quark:deepslate_furnace":1,"minecraft:carrot":1,"minecraft:iron_horse_armor":1,"minecraft:dark_oak_planks":8,"minecraft:arrow":21,"minecraft:beetroot_seeds":13,"minecraft:pumpkin_pie":1,"minecraft:saddle":1,"minecraft:gold_ingot":1,"minecraft:mutton":11,"minecraft:rail":1,"minecraft:skeleton_skull":2,"minecraft:white_wool":6,"minecraft:oxeye_daisy":1,"minecraft:air":0,"luminousworld:ishstone":2,"minecraft:leather":19,"minecraft:oak_log":44,"minecraft:chainmail_chestplate":2,"minecraft:gunpowder":5,"minecraft:cobblestone_stairs":2,"minecraft:blue_bed":29,"minecraft:paper":12,"tombstone:gift":1,"minecraft:cooked_mutton":1,"minecraft:apple":14,"minecraft:gray_carpet":58,"minecraft:rabbit_hide":7,"minecraft:iron_ingot":2,"minecraft:music_disc_far":1,"tombstone:bag_of_seeds":2,"luminousworld:white_petunias":2,"minecraft:iron_sword":5,"minecraft:dark_oak_stairs":39,"sophisticatedbackpacks:diamond_backpack":1,"minecraft:book":126,"quark:white_shard":4,"luminousworld:clovers_1":2,"endrem:old_eye":1,"minecraft:dandelion":1,"minecraft:dripstone_block":1,"minecraft:gravel":2,"minecraft:spruce_sapling":57,"minecraft:spruce_log":314,"minecraft:spider_eye":3,"minecraft:diamond_shovel":1,"minecraft:slime_ball":1,"minecraft:polished_diorite":19,"minecraft:chainmail_leggings":4,"minecraft:iron_helmet":3,"tombstone:magic_scroll":1,"minecraft:damaged_anvil":2,"minecraft:dark_oak_wood":7,"minecraft:coal":69},"minecraft:killed_by":{"minecraft:zombie_villager":2,"undead_revamp2:the_moonflower":2,"minecraft:wither_skeleton":2,"iceandfire:cyclops":5,"undead_revamp2:clogger":1,"minecraft:cave_spider":1,"minecraft:zombie":3,"luminousworld:frost_bitten_skeleton":1,"enemyexpansion:silverqueen":1,"minecraft:skeleton":6},"minecraft:custom":{"minecraft:interact_with_crafting_table":65,"minecraft:open_barrel":27,"minecraft:bell_ring":61,"minecraft:leave_game":9,"minecraft:time_since_death":92893,"minecraft:sprint_one_cm":1199265,"minecraft:damage_blocked_by_shield":2363,"minecraft:drop":137,"minecraft:talked_to_villager":37,"minecraft:play_time":458821,"minecraft:deaths":28,"minecraft:interact_with_brewingstand":1,"minecraft:jump":6870,"minecraft:walk_on_water_one_cm":46202,"minecraft:enchant_item":3,"minecraft:interact_with_furnace":44,"minecraft:traded_with_villager":11,"minecraft:interact_with_loom":9,"minecraft:sleep_in_bed":21,"minecraft:damage_dealt":30444,"minecraft:crouch_one_cm":13276,"tombstone:undead_killed":81,"tombstone:villager_killed":1,"minecraft:interact_with_anvil":7,"minecraft:mob_kills":134,"minecraft:damage_dealt_resisted":1512,"minecraft:climb_one_cm":8397,"minecraft:walk_one_cm":1044533,"minecraft:sneak_time":6467,"minecraft:walk_under_water_one_cm":22063,"minecraft:total_world_time":458821,"minecraft:tune_noteblock":4,"minecraft:interact_with_stonecutter":3,"minecraft:time_since_rest":7080,"minecraft:damage_absorbed":12,"minecraft:damage_taken":12115,"minecraft:swim_one_cm":44475,"minecraft:fly_one_cm":1571158,"minecraft:open_chest":411,"minecraft:fall_one_cm":160138},"minecraft:mined":{"minecraft:dark_oak_planks":8,"minecraft:spruce_planks":11,"minecraft:cobblestone_stairs":4,"minecraft:brewing_stand":2,"minecraft:obsidian":4,"minecraft:spruce_trapdoor":27,"minecraft:granite":10,"minecraft:grass_block":12,"minecraft:coal_block":18,"minecraft:polished_diorite":22,"minecraft:oxeye_daisy":1,"minecraft:spawner":25,"minecraft:mossy_cobblestone_stairs":2,"minecraft:iron_ore":12,"minecraft:cobbled_deepslate":10,"minecraft:fire":2,"minecraft:deepslate_lapis_ore":12,"minecraft:enchanting_table":3,"minecraft:azure_bluet":2,"minecraft:dark_oak_stairs":40,"minecraft:brown_bed":1,"iceandfire:gold_pile":14,"minecraft:dirt_path":180,"minecraft:oak_stairs":2,"minecraft:iron_bars":2,"minecraft:spruce_pressure_plate":1,"minecraft:iron_block":5,"minecraft:spruce_slab":6,"minecraft:red_bed":7,"minecraft:torch":2,"minecraft:dark_oak_wood":9,"minecraft:chest":1,"minecraft:polished_diorite_slab":2,"minecraft:spruce_wall_sign":1,"minecraft:glass":12,"minecraft:cobblestone":11,"minecraft:cyan_bed":1,"minecraft:grindstone":1,"minecraft:damaged_anvil":3,"minecraft:oak_planks":8,"minecraft:blue_ice":77,"minecraft:black_bed":1,"minecraft:tnt":3,"minecraft:grass":2,"minecraft:oak_log":36,"minecraft:sand":368,"minecraft:smooth_quartz":14,"minecraft:dirt":681,"minecraft:brown_candle":1,"minecraft:oak_leaves":2,"minecraft:deepslate":155,"twilightforest:time_chest":1,"alexscaves:spelunkery_table":2,"minecraft:tuff":15,"minecraft:quartz_stairs":8,"minecraft:mossy_cobblestone":6,"minecraft:deepslate_diamond_ore":19,"born_in_chaos_v1:infected_diamond_ore":3,"minecraft:dark_oak_fence":12,"minecraft:spruce_fence":12,"quark:chute":1,"luminousworld:blackberrybush":1,"minecraft:spruce_leaves":95,"minecraft:large_fern":5,"minecraft:spruce_sapling":27,"minecraft:furnace":1,"minecraft:snow":83,"minecraft:stripped_spruce_log":27,"minecraft:bell":5,"minecraft:bookshelf":29,"minecraft:deepslate_iron_ore":10,"minecraft:vine":5,"minecraft:lantern":1,"luminousworld:snowgrass":2,"minecraft:stripped_oak_log":1,"minecraft:bamboo_sapling":1,"minecraft:bamboo":5,"minecraft:stone":661,"minecraft:smithing_table":1,"minecraft:snow_block":248,"minecraft:brown_carpet":1,"minecraft:dandelion":1,"minecraft:oak_fence":1,"quark:spruce_bookshelf":13,"minecraft:crafting_table":4,"minecraft:lectern":10,"minecraft:campfire":1,"minecraft:tall_grass":2,"minecraft:diorite":36,"minecraft:blue_bed":32,"supplementaries:urn":15,"minecraft:spruce_stairs":2,"minecraft:coarse_dirt":1,"minecraft:ice":1,"minecraft:spruce_log":318,"minecraft:yellow_bed":1,"quark:deepslate_furnace":1,"minecraft:coal_ore":1,"luminousworld:clovers_5":1,"luminousworld:ishstone":2,"minecraft:cyan_carpet":1,"minecraft:gravel":3,"quark:spruce_chest":15,"minecraft:flower_pot":3,"minecraft:gray_carpet":58,"minecraft:cobweb":1,"minecraft:spruce_fence_gate":2,"minecraft:chipped_anvil":2}},"DataVersion":3465}