{"stats":{"minecraft:picked_up":{"minecraft:enchanting_table":2,"minecraft:crafting_table":1,"iceandfire:witherbone":1,"minecraft:diamond_sword":1,"minecraft:oak_stairs":1,"minecraft:string":10,"tombstone:gift":1,"minecraft:bone":4,"minecraft:chipped_anvil":1,"minecraft:cyan_carpet":1,"minecraft:smooth_quartz":13,"minecraft:iron_sword":5,"minecraft:iron_boots":1,"minecraft:torch":2,"minecraft:spruce_stairs":1,"minecraft:spruce_fence":3,"minecraft:spider_eye":2,"minecraft:mossy_cobblestone":4,"minecraft:arrow":2,"minecraft:emerald":1,"supplementaries:ash":1,"minecraft:dark_oak_wood":7,"minecraft:coal":1,"minecraft:cobblestone":2},"minecraft:used":{"minecraft:shield":3,"minecraft:iron_sword":38,"minecraft:torch":26,"minecraft:mossy_cobblestone":2,"minecraft:crafting_table":2,"minecraft:spruce_stairs":1,"minecraft:spruce_fence":2,"minecraft:iron_axe":12,"minecraft:bread":11,"minecraft:iron_pickaxe":42,"minecraft:iron_boots":2,"minecraft:smooth_quartz":9,"minecraft:diamond_sword":17,"quark:dark_oak_chest":1,"minecraft:chainmail_boots":2,"tombstone:gift":2,"alexsmobs:animal_dictionary":1},"minecraft:mined":{"minecraft:spruce_planks":5,"minecraft:mossy_cobblestone":2,"minecraft:crafting_table":1,"minecraft:dark_oak_wood":7,"minecraft:spruce_fence":6,"minecraft:spawner":17,"minecraft:spruce_stairs":1,"minecraft:fire":2,"minecraft:enchanting_table":1,"minecraft:cyan_carpet":1,"minecraft:smooth_quartz":14,"minecraft:stone":3,"minecraft:chipped_anvil":1},"minecraft:custom":{"minecraft:mob_kills":7,"minecraft:interact_with_crafting_table":9,"minecraft:tune_noteblock":4,"minecraft:damage_dealt_resisted":317,"minecraft:time_since_death":10895,"minecraft:climb_one_cm":1497,"minecraft:time_since_rest":9361,"minecraft:sprint_one_cm":105331,"minecraft:damage_taken":1812,"minecraft:walk_one_cm":46126,"minecraft:damage_blocked_by_shield":95,"minecraft:drop":16,"minecraft:damage_dealt":2830,"minecraft:fly_one_cm":153834,"minecraft:open_chest":18,"minecraft:crouch_one_cm":414,"minecraft:play_time":28386,"tombstone:undead_killed":2,"minecraft:deaths":4,"minecraft:sneak_time":342,"minecraft:jump":548,"minecraft:total_world_time":28386,"minecraft:fall_one_cm":4587},"minecraft:dropped":{"minecraft:iron_sword":5,"minecraft:mossy_cobblestone":4,"minecraft:chainmail_helmet":1,"minecraft:chainmail_chestplate":1,"minecraft:emerald":1,"minecraft:cobweb":3,"minecraft:smooth_quartz":1,"minecraft:oak_stairs":1,"minecraft:spider_eye":1,"minecraft:enchanting_table":1,"minecraft:cyan_carpet":1},"minecraft:crafted":{"minecraft:crafting_table":1,"minecraft:iron_sword":1,"minecraft:bread":3,"quark:dark_oak_chest":1,"minecraft:shield":1,"minecraft:iron_axe":1,"minecraft:stick":21,"minecraft:iron_pickaxe":1,"minecraft:dark_oak_planks":28,"minecraft:torch":48},"minecraft:killed":{"minecraft:cave_spider":1,"minecraft:spider":3,"minecraft:wither_skeleton":2},"minecraft:killed_by":{"minecraft:cave_spider":1,"minecraft:wither_skeleton":1,"minecraft:skeleton":1}},"DataVersion":3465}