{"stats":{"minecraft:broken":{"minecraft:chainmail_leggings":1,"minecraft:iron_boots":1,"minecraft:chainmail_helmet":1,"minecraft:chainmail_chestplate":1},"minecraft:picked_up":{"minecraft:creeper_head":2,"minecraft:iron_chestplate":1,"minecraft:crafting_table":4,"minecraft:chainmail_boots":1,"iceandfire:witherbone":1,"minecraft:clay_ball":46,"minecraft:golden_pickaxe":2,"minecraft:diamond_sword":5,"minecraft:oak_stairs":2,"minecraft:potion":2,"tombstone:grave_key":2,"minecraft:brewing_stand":2,"minecraft:music_disc_cat":1,"minecraft:string":15,"born_in_chaos_v1:intoxicating_decoction":1,"minecraft:cyan_carpet":1,"minecraft:cobbled_deepslate":43,"minecraft:spruce_planks":3,"minecraft:beef":6,"minecraft:smooth_quartz":13,"minecraft:chest":1,"minecraft:iron_boots":1,"minecraft:stick":3,"minecraft:raw_iron":9,"minecraft:big_dripleaf":5,"minecraft:torch":13,"minecraft:spruce_stairs":1,"minecraft:spruce_fence":5,"quark:deepslate_furnace":1,"tombstone:grave_dust":4,"minecraft:pointed_dripstone":1,"minecraft:diorite":10,"minecraft:carrot":1,"minecraft:iron_horse_armor":1,"minecraft:arrow":21,"minecraft:rotten_flesh":38,"luminousworld:yellow_grassflowers":1,"aether:chainmail_gloves":2,"supplementaries:antique_ink":1,"supplementaries:ash":3,"minecraft:skeleton_skull":2,"minecraft:rail":1,"minecraft:cobblestone":45,"minecraft:enchanting_table":2,"minecraft:air":0,"minecraft:leather":9,"alexsmobs:bison_fur":1,"minecraft:tuff":10,"minecraft:oak_log":44,"minecraft:chainmail_chestplate":2,"minecraft:gunpowder":5,"minecraft:lapis_lazuli":28,"minecraft:dirt":9,"tombstone:gift":1,"minecraft:chipped_anvil":2,"minecraft:bone":20,"minecraft:bow":2,"minecraft:raw_gold":10,"minecraft:rabbit_hide":7,"minecraft:music_disc_far":1,"minecraft:iron_ingot":2,"tombstone:bag_of_seeds":2,"luminousworld:white_petunias":2,"minecraft:iron_sword":5,"minecraft:oak_planks":1,"endrem:old_eye":1,"earthmobsmod:harder_flesh":1,"minecraft:dripstone_block":1,"minecraft:gravel":1,"minecraft:spruce_sapling":2,"minecraft:spider_eye":3,"minecraft:mossy_cobblestone":8,"minecraft:bundle":3,"twilightforest:time_chest":2,"minecraft:slime_ball":1,"minecraft:diamond":8,"minecraft:chainmail_leggings":2,"minecraft:emerald":1,"minecraft:dark_oak_wood":7,"minecraft:coal":62},"minecraft:used":{"minecraft:chest":1,"minecraft:shield":132,"minecraft:iron_sword":38,"minecraft:torch":61,"minecraft:brewing_stand":1,"minecraft:dirt":5,"minecraft:spruce_stairs":1,"endrem:old_eye":1,"minecraft:tuff":12,"minecraft:spruce_fence":2,"minecraft:lava_bucket":9,"minecraft:chipped_anvil":1,"quark:deepslate_furnace":1,"minecraft:iron_axe":78,"minecraft:iron_boots":2,"minecraft:smooth_quartz":9,"alexscaves:spelunkery_table":1,"minecraft:bow":6,"tombstone:gift":8,"minecraft:cobbled_deepslate":89,"minecraft:diorite":9,"minecraft:oak_planks":1,"minecraft:golden_apple":1,"minecraft:mossy_cobblestone":3,"minecraft:crafting_table":6,"supplementaries:bomb":1,"minecraft:diamond_pickaxe":119,"minecraft:bread":76,"minecraft:iron_pickaxe":230,"tombstone:grave_key":3,"minecraft:gravel":1,"minecraft:diamond_sword":325,"quark:dark_oak_chest":1,"minecraft:cobblestone":50,"minecraft:chainmail_boots":2,"minecraft:bucket":10,"alexsmobs:animal_dictionary":1},"minecraft:mined":{"twilightforest:time_chest":1,"alexscaves:spelunkery_table":2,"minecraft:tuff":15,"minecraft:spruce_planks":7,"minecraft:mossy_cobblestone":6,"minecraft:deepslate_diamond_ore":17,"minecraft:cobblestone_stairs":2,"minecraft:brewing_stand":2,"born_in_chaos_v1:infected_diamond_ore":3,"minecraft:granite":1,"minecraft:spruce_fence":10,"minecraft:grass_block":2,"minecraft:spruce_leaves":10,"minecraft:spawner":25,"minecraft:mossy_cobblestone_stairs":2,"minecraft:iron_ore":1,"minecraft:cobbled_deepslate":10,"minecraft:fire":2,"minecraft:deepslate_lapis_ore":7,"minecraft:brown_bed":1,"minecraft:enchanting_table":1,"minecraft:deepslate_iron_ore":10,"minecraft:vine":5,"minecraft:stripped_oak_log":1,"minecraft:stone":58,"minecraft:crafting_table":4,"minecraft:torch":1,"minecraft:dark_oak_wood":9,"minecraft:chest":1,"minecraft:tall_grass":2,"minecraft:cobblestone":11,"minecraft:cyan_bed":1,"minecraft:oak_planks":2,"minecraft:damaged_anvil":1,"minecraft:diorite":11,"supplementaries:urn":14,"minecraft:spruce_stairs":1,"minecraft:coarse_dirt":1,"minecraft:black_bed":1,"minecraft:tnt":3,"minecraft:yellow_bed":1,"quark:deepslate_furnace":1,"minecraft:grass":1,"minecraft:oak_log":36,"minecraft:gravel":1,"minecraft:dirt":5,"minecraft:cyan_carpet":1,"minecraft:smooth_quartz":14,"minecraft:brown_candle":1,"minecraft:chipped_anvil":1,"minecraft:deepslate":128},"minecraft:custom":{"minecraft:interact_with_anvil":4,"minecraft:mob_kills":110,"minecraft:interact_with_crafting_table":21,"minecraft:open_barrel":27,"minecraft:damage_dealt_resisted":1512,"minecraft:leave_game":6,"minecraft:time_since_death":6645,"minecraft:climb_one_cm":7744,"minecraft:sprint_one_cm":493054,"minecraft:walk_one_cm":297691,"minecraft:damage_blocked_by_shield":2338,"minecraft:drop":118,"minecraft:play_time":167656,"minecraft:deaths":20,"minecraft:sneak_time":1883,"minecraft:walk_under_water_one_cm":6170,"minecraft:jump":3287,"minecraft:interact_with_brewingstand":1,"minecraft:walk_on_water_one_cm":21023,"minecraft:total_world_time":167656,"minecraft:interact_with_furnace":9,"minecraft:tune_noteblock":4,"minecraft:interact_with_loom":9,"minecraft:sleep_in_bed":2,"minecraft:time_since_rest":5474,"minecraft:damage_taken":8916,"minecraft:damage_absorbed":12,"minecraft:damage_dealt":22713,"minecraft:swim_one_cm":27397,"minecraft:fly_one_cm":714543,"minecraft:open_chest":80,"minecraft:crouch_one_cm":3198,"tombstone:undead_killed":65,"minecraft:fall_one_cm":84936},"minecraft:dropped":{"born_in_chaos_v1:intoxicating_decoction":1,"minecraft:iron_sword":5,"luminousworld:ishstone":4,"minecraft:mossy_cobblestone":6,"minecraft:golden_pickaxe":2,"luminousworld:white_petunias":2,"minecraft:cobblestone":4,"minecraft:black_bed":1,"minecraft:leather":6,"minecraft:granite":2,"minecraft:iron_horse_armor":1,"minecraft:saddle":1,"minecraft:chainmail_helmet":1,"minecraft:cobblestone_stairs":2,"minecraft:emerald":1,"minecraft:cobweb":3,"minecraft:dirt":5,"minecraft:diorite":3,"minecraft:cornflower":1,"tombstone:grave_key":2,"minecraft:smooth_quartz":1,"minecraft:potion":2,"minecraft:dead_bush":2,"minecraft:oak_stairs":1,"minecraft:mossy_cobblestone_stairs":2,"undead_revamp2:blacpetalblock":1,"minecraft:chainmail_leggings":1,"minecraft:cyan_carpet":1,"minecraft:spruce_sapling":1,"minecraft:bone":38,"minecraft:detector_rail":11,"minecraft:coarse_dirt":1,"minecraft:tuff":11,"minecraft:pointed_dripstone":1,"minecraft:rotten_flesh":59,"minecraft:oak_planks":2,"minecraft:spruce_fence":4,"minecraft:pumpkin_seeds":4,"minecraft:chainmail_chestplate":3,"luminousworld:yellow_grassflowers":1,"minecraft:diamond_sword":5,"supplementaries:flax_seeds":1,"supplementaries:ash":1,"minecraft:melon_seeds":4,"minecraft:brown_bed":1,"minecraft:spider_eye":1,"minecraft:slime_ball":1,"minecraft:bow":2,"minecraft:beef":6,"minecraft:raw_gold":10,"minecraft:enchanting_table":2,"twilightforest:time_chest":1},"minecraft:crafted":{"minecraft:oak_planks":8,"minecraft:furnace":1,"quark:deepslate_furnace":1,"quark:dark_oak_chest":1,"minecraft:iron_boots":1,"minecraft:iron_axe":1,"tombstone:grave_key":7,"minecraft:dark_oak_planks":28,"sophisticatedbackpacks:iron_backpack":1,"sophisticatedbackpacks:backpack":1,"minecraft:crafting_table":3,"minecraft:iron_helmet":1,"minecraft:iron_sword":1,"sophisticatedbackpacks:gold_backpack":1,"minecraft:air":0,"minecraft:bread":3,"minecraft:shield":1,"sophisticatedbackpacks:diamond_backpack":1,"minecraft:stick":21,"minecraft:iron_ingot":11,"minecraft:iron_pickaxe":1,"minecraft:iron_leggings":1,"minecraft:torch":56},"minecraft:killed":{"luminousworld:miner_zombie":2,"minecraft:cave_spider":2,"earthmobsmod:jumbo_rabbit":1,"born_in_chaos_v1:zombie_lumberjack":1,"minecraft:spider":4,"enemyexpansion:direwolf":2,"creeperoverhaul:dripstone_creeper":1,"born_in_chaos_v1:maggot":9,"minecraft:skeleton":16,"minecraft:silverfish":6,"alexsmobs:centipede_head":1,"alexsmobs:bison":1,"enemyexpansion:goblin":1,"earthmobsmod:bouldering_zombie":1,"born_in_chaos_v1:diamond_termite":4,"born_in_chaos_v1:swarmer":1,"undead_revamp2:the_moonflower":4,"earthmobsmod:cream_cow":3,"minecraft:creeper":1,"born_in_chaos_v1:decrepit_skeleton":1,"minecraft:zombie":36,"born_in_chaos_v1:corpse_fly":1,"enemyexpansion:botfly":3,"born_in_chaos_v1:door_knight":1,"minecraft:wither_skeleton":2},"minecraft:killed_by":{"minecraft:zombie_villager":2,"undead_revamp2:the_moonflower":2,"minecraft:wither_skeleton":2,"minecraft:cave_spider":1,"minecraft:skeleton":6,"minecraft:zombie":3,"enemyexpansion:silverqueen":1}},"DataVersion":3465}