{"stats":{"minecraft:custom":{"minecraft:interact_with_crafting_table":74,"minecraft:open_barrel":31,"minecraft:bell_ring":83,"minecraft:eat_cake_slice":7,"minecraft:leave_game":25,"minecraft:time_since_death":40359,"minecraft:sprint_one_cm":1768348,"minecraft:damage_blocked_by_shield":3692,"minecraft:drop":247,"minecraft:talked_to_villager":231,"minecraft:play_time":829447,"minecraft:deaths":99,"minecraft:interact_with_brewingstand":2,"minecraft:jump":12553,"minecraft:walk_on_water_one_cm":76952,"minecraft:enchant_item":3,"minecraft:interact_with_furnace":47,"minecraft:traded_with_villager":69,"minecraft:interact_with_loom":9,"minecraft:sleep_in_bed":34,"minecraft:damage_dealt":61286,"minecraft:crouch_one_cm":22140,"tombstone:undead_killed":146,"tombstone:villager_killed":1,"minecraft:inspect_dispenser":2,"minecraft:interact_with_anvil":8,"minecraft:mob_kills":257,"minecraft:damage_dealt_resisted":3526,"minecraft:climb_one_cm":64483,"minecraft:walk_one_cm":1687638,"minecraft:sneak_time":11109,"minecraft:walk_under_water_one_cm":39138,"minecraft:interact_with_blast_furnace":4,"minecraft:total_world_time":829447,"tombstone:raider_killed":1,"minecraft:tune_noteblock":4,"minecraft:interact_with_stonecutter":3,"minecraft:time_since_rest":29252,"minecraft:damage_absorbed":132,"minecraft:damage_taken":35626,"minecraft:trigger_trapped_chest":3,"tombstone:cast_on_ally":0,"minecraft:swim_one_cm":86591,"minecraft:fly_one_cm":3259548,"minecraft:open_chest":627,"minecraft:fall_one_cm":286098},"minecraft:used":{"minecraft:spruce_slab":2,"minecraft:chest":1,"minecraft:bell":4,"minecraft:shield":208,"minecraft:stone":21,"minecraft:iron_sword":57,"minecraft:nether_bricks":2,"minecraft:obsidian":16,"minecraft:snowball":16,"minecraft:tuff":12,"endrem:old_eye":1,"minecraft:glass":247,"minecraft:lava_bucket":10,"quark:deepslate_furnace":2,"minecraft:lantern":3,"friendsandfoes:totem_of_freezing":1,"quark:chute":1,"supplementaries:bomb_blue":1,"minecraft:stone_bricks":2,"minecraft:item_frame":25,"minecraft:red_carpet":1,"minecraft:bow":60,"ironchest:obsidian_chest":1,"minecraft:furnace":1,"minecraft:dark_oak_stairs":5,"minecraft:diorite":17,"minecraft:damaged_anvil":2,"minecraft:oak_planks":115,"minecraft:blue_bed":26,"minecraft:diamond_axe":746,"minecraft:white_wool":4,"minecraft:golden_apple":4,"minecraft:sand":4,"quark:golden_apple_crate":2,"minecraft:blast_furnace":3,"born_in_chaos_v1:monster_flesh":1,"minecraft:bread":221,"minecraft:cyan_bed":1,"minecraft:lectern":162,"tombstone:grave_key":44,"minecraft:gravel":2,"minecraft:diamond_sword":864,"minecraft:chainmail_boots":2,"minecraft:smithing_table":2,"minecraft:bone_meal":64,"minecraft:enchanting_table":3,"minecraft:flint_and_steel":1,"minecraft:spruce_planks":166,"quark:spruce_bookshelf":35,"minecraft:dirt":284,"minecraft:brewing_stand":1,"minecraft:torch":71,"minecraft:spruce_stairs":1,"minecraft:granite":9,"minecraft:spruce_fence":20,"minecraft:polished_diorite":14,"minecraft:dark_oak_planks":4,"minecraft:chipped_anvil":2,"quark:spruce_chest":17,"minecraft:iron_axe":254,"minecraft:iron_boots":2,"minecraft:smooth_quartz":14,"minecraft:bamboo":55,"alexscaves:spelunkery_table":1,"minecraft:golden_carrot":1,"tombstone:gift":8,"minecraft:cobbled_deepslate":115,"minecraft:water_bucket":9,"tombstone:scroll_of_knowledge":1,"minecraft:fletching_table":6,"luminousworld:ishstone":2,"minecraft:stonecutter":1,"minecraft:mossy_cobblestone":3,"minecraft:comparator":1,"minecraft:crafting_table":9,"minecraft:red_bed":5,"supplementaries:bomb":1,"born_in_chaos_v1:cultivated_pumpkin":1,"minecraft:spruce_log":179,"minecraft:diamond_pickaxe":1282,"minecraft:diamond_shovel":1644,"minecraft:iron_pickaxe":230,"minecraft:spruce_trapdoor":22,"minecraft:spruce_sapling":51,"quark:dark_oak_chest":1,"minecraft:cobblestone":86,"minecraft:bucket":20,"alexsmobs:animal_dictionary":1},"minecraft:broken":{"minecraft:leather_leggings":1,"minecraft:iron_boots":2,"minecraft:iron_chestplate":1,"minecraft:iron_leggings":2,"minecraft:diamond_boots":1,"minecraft:chainmail_chestplate":1,"minecraft:chainmail_leggings":1,"aether:iron_gloves":1,"minecraft:chainmail_helmet":1,"minecraft:leather_chestplate":1,"minecraft:shield":2,"minecraft:iron_axe":1,"minecraft:iron_helmet":3},"minecraft:crafted":{"minecraft:smooth_stone":128,"minecraft:oak_planks":188,"minecraft:cobblestone_slab":6,"hangglider:hang_glider":1,"born_in_chaos_v1:dark_metal_ingot":1,"minecraft:stone":131,"minecraft:diamond_shovel":1,"quark:deepslate_furnace":1,"minecraft:glass":287,"minecraft:diamond_helmet":1,"minecraft:iron_boots":1,"tombstone:grave_key":24,"quark:golden_apple_crate":1,"born_in_chaos_v1:pileof_dark_metal":1,"minecraft:polished_diorite_slab":6,"sophisticatedbackpacks:backpack":2,"minecraft:emerald":27,"minecraft:diamond_axe":1,"minecraft:crafting_table":6,"minecraft:spruce_planks":664,"minecraft:iron_helmet":1,"minecraft:chainmail_chestplate":1,"iceandfire:wither_shard":3,"minecraft:fletching_table":3,"ironchest:diamond_chest":1,"minecraft:spruce_trapdoor":6,"minecraft:lectern":4,"minecraft:diamond_pickaxe":1,"minecraft:shield":14,"sophisticatedbackpacks:diamond_backpack":1,"minecraft:stick":533,"minecraft:iron_ingot":12,"minecraft:iron_pickaxe":1,"minecraft:gold_ingot":9,"hangglider:glider_framework":1,"minecraft:coal":90,"minecraft:furnace":1,"minecraft:blast_furnace":1,"minecraft:bone_meal":99,"hangglider:glider_wing":2,"minecraft:flint_and_steel":1,"quark:dark_oak_chest":1,"minecraft:iron_axe":1,"minecraft:spruce_slab":36,"minecraft:diamond_boots":3,"quark:spruce_chest":3,"minecraft:dark_oak_planks":28,"minecraft:chainmail_leggings":12,"minecraft:wheat":261,"quark:chute":1,"sophisticatedbackpacks:iron_backpack":2,"ironchest:gold_chest":1,"born_in_chaos_v1:cultivated_pumpkin":1,"minecraft:enchanting_table":1,"minecraft:iron_sword":1,"sophisticatedbackpacks:gold_backpack":2,"minecraft:enchanted_book":4,"minecraft:bread":90,"minecraft:air":0,"quark:spruce_bookshelf":39,"minecraft:golden_apple":2,"ironchest:obsidian_chest":1,"minecraft:iron_leggings":9,"minecraft:stonecutter":1,"minecraft:torch":56,"ironchest:iron_chest":1},"minecraft:killed_by":{"minecraft:zombie_villager":2,"undead_revamp2:the_moonflower":5,"minecraft:wither_skeleton":12,"iceandfire:cyclops":5,"born_in_chaos_v1:zombie_bruiser":1,"alexsmobs:tusklin":1,"undead_revamp2:clogger":2,"minecraft:cave_spider":3,"iceandfire:ice_dragon":6,"minecraft:zombie":7,"luminousworld:frost_bitten_skeleton":1,"mowziesmobs:frostmaw":11,"undead_revamp2:theheavy":1,"enemyexpansion:silverqueen":1,"iceandfire:fire_dragon":9,"minecraft:vex":1,"minecraft:stray":2,"minecraft:spider":3,"undead_revamp2:thespitter":1,"undead_revamp2:thehorrors":1,"minecraft:skeleton":8,"iceandfire:ghost":1,"born_in_chaos_v1:dread_hound":2},"minecraft:picked_up":{"minecraft:iron_chestplate":6,"minecraft:wheat":4,"minecraft:chainmail_boots":2,"minecraft:creeper_head":2,"minecraft:flower_pot":3,"minecraft:smithing_table":3,"minecraft:diamond_sword":11,"aether:iron_gloves":1,"minecraft:oak_stairs":5,"minecraft:enchanted_book":2,"minecraft:potion":2,"minecraft:stone_brick_stairs":1,"tombstone:grave_key":2,"minecraft:brewing_stand":3,"iceandfire:manuscript":11,"minecraft:music_disc_cat":1,"minecraft:string":68,"minecraft:raw_copper":1,"minecraft:smooth_stone_slab":1,"minecraft:beetroot_soup":3,"minecraft:iron_leggings":4,"minecraft:armor_stand":3,"minecraft:experience_bottle":1,"minecraft:oak_sign":2,"minecraft:gold_nugget":140,"minecraft:cobbled_deepslate":69,"minecraft:comparator":1,"minecraft:spruce_planks":14,"iceandfire:frost_lily":1,"minecraft:redstone_torch":1,"minecraft:iron_pickaxe":4,"iceandfire:dragonscales_red":7,"minecraft:smooth_quartz":41,"minecraft:melon_slice":1,"minecraft:coal_block":21,"minecraft:iron_boots":5,"minecraft:furnace":1,"minecraft:dark_oak_door":1,"minecraft:spruce_pressure_plate":2,"minecraft:tipped_arrow":10,"minecraft:stick":15,"minecraft:big_dripleaf":5,"minecraft:oak_fence":2,"minecraft:torch":27,"minecraft:spruce_stairs":4,"quark:yellow_corundum_cluster":2,"minecraft:snow_block":5,"tombstone:grave_dust":18,"iceandfire:rotten_egg":1,"minecraft:pointed_dripstone":1,"minecraft:diorite":35,"minecraft:brown_carpet":1,"luminousworld:grassflowers":2,"minecraft:stone_sword":1,"quark:clear_shard":37,"minecraft:rotten_flesh":85,"luminousworld:yellow_grassflowers":2,"aether:chainmail_gloves":2,"supplementaries:antique_ink":1,"iceandfire:fire_dragon_heart":2,"minecraft:iron_block":6,"born_in_chaos_v1:cultivated_pumpkin":1,"minecraft:blaze_rod":3,"supplementaries:ash":19,"minecraft:obsidian":15,"undead_revamp2:arapholia":4,"minecraft:iron_bars":1,"minecraft:snowball":749,"minecraft:cobblestone":737,"minecraft:enchanting_table":4,"minecraft:leather_chestplate":2,"minecraft:polished_diorite_slab":4,"minecraft:cooked_beef":1,"minecraft:potato":9,"minecraft:chiseled_quartz_block":1,"alexsmobs:bison_fur":1,"minecraft:flint":2,"minecraft:tuff":10,"minecraft:wither_skeleton_skull":1,"minecraft:lapis_lazuli":76,"minecraft:dirt":934,"minecraft:lantern":8,"minecraft:purple_carpet":1,"minecraft:bone":73,"minecraft:chipped_anvil":3,"undead_revamp2:blacpetalblock":1,"minecraft:bow":5,"minecraft:wheat_seeds":8,"minecraft:raw_gold":10,"minecraft:bell":4,"minecraft:fletching_table":4,"minecraft:bamboo":112,"minecraft:oak_planks":8,"friendsandfoes:totem_of_freezing":1,"earthmobsmod:harder_flesh":1,"minecraft:sand":333,"minecraft:stripped_spruce_log":25,"minecraft:dark_oak_log":1,"naturalist:duck_egg":1,"minecraft:mossy_cobblestone":8,"minecraft:bundle":6,"minecraft:light_gray_concrete":2,"minecraft:spruce_fence_gate":2,"twilightforest:time_chest":2,"born_in_chaos_v1:fire_dust":1,"minecraft:diamond":12,"minecraft:writable_book":1,"minecraft:blue_ice":1,"minecraft:granite":10,"minecraft:spruce_sign":7,"minecraft:bread":61,"minecraft:emerald":56,"minecraft:netherrack":3,"minecraft:light_gray_carpet":1,"minecraft:dark_oak_fence":11,"minecraft:diamond_pickaxe":2,"minecraft:charcoal":2,"luminousworld:groundpebbles_1":3,"minecraft:crafting_table":4,"minecraft:azure_bluet":2,"iceandfire:witherbone":5,"minecraft:clay_ball":46,"born_in_chaos_v1:seedof_chaos":1,"minecraft:golden_pickaxe":2,"minecraft:leather_leggings":2,"minecraft:stone_brick_wall":6,"minecraft:gold_block":2,"minecraft:diamond_horse_armor":2,"minecraft:oak_trapdoor":1,"minecraft:red_bed":6,"born_in_chaos_v1:intoxicating_decoction":1,"minecraft:item_frame":20,"minecraft:white_carpet":6,"quark:chute":1,"minecraft:cyan_carpet":4,"quark:spruce_chest":16,"minecraft:beef":8,"minecraft:spruce_slab":9,"minecraft:lectern":158,"minecraft:quartz_stairs":7,"minecraft:chest":2,"minecraft:spruce_trapdoor":36,"quark:golden_apple_crate":1,"minecraft:raw_iron":41,"iceandfire:dragonbone":65,"iceandfire:dragonscales_gray":20,"minecraft:oak_door":2,"minecraft:copper_ingot":2,"minecraft:spruce_fence":25,"quark:deepslate_furnace":1,"minecraft:stone_button":6,"minecraft:carrot":1,"minecraft:redstone":1,"minecraft:iron_horse_armor":1,"minecraft:dark_oak_planks":8,"iceandfire:dragon_skull_ice":2,"quark:yellow_corundum":1,"minecraft:nether_bricks":3,"minecraft:arrow":54,"minecraft:beetroot_seeds":13,"minecraft:pumpkin_pie":1,"minecraft:diamond_boots":3,"minecraft:hay_block":30,"mowziesmobs:ice_crystal":1,"minecraft:gold_ingot":1,"minecraft:saddle":1,"tombstone:essence_of_undeath":1,"minecraft:mutton":11,"minecraft:skeleton_skull":2,"minecraft:white_wool":7,"minecraft:rail":1,"minecraft:oxeye_daisy":1,"born_in_chaos_v1:corpse_maggot":3,"minecraft:air":0,"born_in_chaos_v1:monster_flesh":1,"luminousworld:ishstone":2,"minecraft:leather":19,"minecraft:oak_log":45,"minecraft:chainmail_chestplate":2,"minecraft:gunpowder":7,"minecraft:cobblestone_stairs":3,"minecraft:blue_bed":34,"minecraft:paper":12,"minecraft:white_banner":13,"tombstone:gift":1,"minecraft:cooked_mutton":1,"minecraft:red_carpet":2,"minecraft:light_blue_banner":1,"minecraft:gray_carpet":58,"minecraft:apple":16,"minecraft:stone_bricks":16,"minecraft:rabbit_hide":7,"minecraft:iron_ingot":5,"minecraft:music_disc_far":1,"minecraft:stone_pickaxe":1,"tombstone:bag_of_seeds":2,"luminousworld:white_petunias":4,"minecraft:iron_sword":7,"iceandfire:fire_dragon_flesh":9,"minecraft:dark_oak_stairs":39,"sophisticatedbackpacks:diamond_backpack":1,"minecraft:book":126,"luminousworld:clovers_1":3,"endrem:old_eye":1,"quark:white_shard":4,"minecraft:pumpkin":2,"minecraft:dandelion":2,"iceandfire:ash":2,"minecraft:quartz":1,"minecraft:dripstone_block":1,"minecraft:gravel":8,"minecraft:spruce_sapling":57,"minecraft:nether_brick_slab":1,"minecraft:blast_furnace":2,"minecraft:spruce_log":328,"minecraft:crying_obsidian":6,"minecraft:spider_eye":19,"minecraft:leather_helmet":4,"minecraft:firework_rocket":1,"minecraft:diamond_shovel":1,"minecraft:slime_ball":1,"minecraft:polished_diorite":20,"minecraft:chainmail_leggings":4,"minecraft:iron_helmet":4,"tombstone:magic_scroll":2,"minecraft:damaged_anvil":2,"minecraft:dark_oak_wood":7,"minecraft:coal":100},"minecraft:mined":{"minecraft:dark_oak_planks":8,"born_in_chaos_v1:cultivated_pumpkin":1,"minecraft:spruce_planks":18,"minecraft:cobblestone_stairs":4,"minecraft:obsidian":5,"minecraft:brewing_stand":3,"minecraft:spruce_trapdoor":36,"minecraft:granite":11,"minecraft:stone_brick_wall":3,"minecraft:grass_block":17,"quark:yellow_corundum":1,"minecraft:coal_block":21,"minecraft:oxeye_daisy":1,"minecraft:polished_diorite":23,"minecraft:spawner":79,"minecraft:tall_seagrass":1,"minecraft:mossy_cobblestone_stairs":2,"minecraft:iron_ore":26,"minecraft:fire":5,"minecraft:cobbled_deepslate":10,"quark:golden_apple_crate":1,"minecraft:pumpkin":2,"minecraft:deepslate_lapis_ore":12,"minecraft:fletching_table":4,"minecraft:brown_bed":1,"minecraft:azure_bluet":2,"minecraft:dark_oak_stairs":40,"minecraft:enchanting_table":3,"minecraft:oak_sign":1,"iceandfire:gold_pile":14,"minecraft:dirt_path":180,"minecraft:oak_stairs":2,"minecraft:iron_bars":2,"minecraft:spruce_pressure_plate":1,"minecraft:light_gray_concrete":2,"quark:indigo_corundum":1,"minecraft:iron_block":6,"minecraft:spruce_slab":10,"minecraft:red_bed":7,"minecraft:chiseled_quartz_block":1,"iceandfire:dragon_ice_spikes":3,"minecraft:torch":2,"minecraft:dark_oak_wood":9,"minecraft:blast_furnace":2,"minecraft:chest":2,"minecraft:nether_brick_slab":1,"minecraft:polished_diorite_slab":2,"iceandfire:frozen_dirt":1,"minecraft:spruce_wall_sign":1,"minecraft:glass":12,"minecraft:cobblestone":11,"minecraft:damaged_anvil":3,"minecraft:cyan_bed":1,"minecraft:oak_planks":8,"minecraft:grindstone":1,"minecraft:blue_ice":77,"minecraft:tnt":3,"minecraft:black_bed":1,"minecraft:stone_brick_stairs":1,"minecraft:grass":3,"minecraft:oak_log":36,"minecraft:dirt":805,"minecraft:sand":368,"minecraft:smooth_quartz":52,"minecraft:brown_candle":1,"minecraft:netherrack":3,"minecraft:piston":1,"minecraft:oak_leaves":3,"minecraft:deepslate":155,"twilightforest:time_chest":1,"alexscaves:spelunkery_table":2,"minecraft:crying_obsidian":6,"minecraft:tuff":15,"minecraft:quartz_stairs":8,"minecraft:mossy_cobblestone":7,"luminousworld:grassvariant_4":1,"minecraft:deepslate_diamond_ore":19,"born_in_chaos_v1:infected_diamond_ore":3,"minecraft:nether_bricks":3,"minecraft:dark_oak_fence":12,"born_in_chaos_v1:black_argillite_brick_wall":1,"minecraft:spruce_fence":34,"minecraft:weeping_vines":1,"quark:chute":1,"luminousworld:blackberrybush":1,"minecraft:spruce_leaves":98,"minecraft:large_fern":5,"minecraft:hay_block":30,"minecraft:light_blue_wall_banner":1,"minecraft:spruce_sapling":27,"minecraft:furnace":1,"minecraft:snow":83,"minecraft:stripped_spruce_log":27,"minecraft:gold_block":2,"minecraft:bell":5,"minecraft:bookshelf":29,"minecraft:deepslate_iron_ore":10,"minecraft:vine":9,"luminousworld:snowgrass":2,"minecraft:lantern":1,"minecraft:stripped_oak_log":1,"minecraft:bamboo_sapling":1,"iceandfire:frost_lily":1,"minecraft:bamboo":23,"minecraft:stone":755,"minecraft:redstone_wall_torch":1,"minecraft:smithing_table":3,"minecraft:comparator":1,"minecraft:snow_block":248,"minecraft:brown_carpet":1,"minecraft:dandelion":1,"minecraft:oak_fence":1,"minecraft:crafting_table":4,"quark:spruce_bookshelf":13,"minecraft:campfire":1,"minecraft:lectern":158,"minecraft:tall_grass":5,"minecraft:diorite":36,"minecraft:blue_bed":37,"supplementaries:urn":15,"minecraft:spruce_stairs":2,"minecraft:coarse_dirt":1,"minecraft:ice":1,"minecraft:spruce_log":333,"iceandfire:ash":1,"minecraft:yellow_bed":1,"quark:deepslate_furnace":1,"luminousworld:clovers_5":1,"minecraft:coal_ore":22,"luminousworld:ishstone":2,"minecraft:cyan_carpet":3,"minecraft:flower_pot":3,"quark:spruce_chest":16,"minecraft:gravel":5,"minecraft:gray_carpet":58,"minecraft:cobweb":10,"minecraft:spruce_fence_gate":2,"minecraft:stone_bricks":5,"minecraft:chipped_anvil":2},"minecraft:dropped":{"minecraft:iron_sword":6,"minecraft:golden_pickaxe":2,"luminousworld:white_petunias":2,"iceandfire:frozen_dirt":1,"minecraft:lantern":2,"minecraft:black_bed":1,"minecraft:leather":6,"minecraft:iron_horse_armor":1,"minecraft:saddle":1,"minecraft:cobblestone_stairs":2,"sophisticatedbackpacks:gold_backpack":1,"minecraft:leather_helmet":3,"minecraft:red_carpet":2,"minecraft:music_disc_13":2,"minecraft:emerald":1,"born_in_chaos_v1:monster_flesh":3,"minecraft:dirt":8,"minecraft:packed_ice":2,"minecraft:cornflower":1,"minecraft:snowball":96,"minecraft:chain":3,"undead_revamp2:blacpetalblock":1,"minecraft:cyan_carpet":3,"luminousworld:clovers_1":1,"minecraft:bone":40,"minecraft:oak_door":2,"minecraft:detector_rail":11,"undead_revamp2:arapholia":4,"minecraft:pointed_dripstone":1,"minecraft:rotten_flesh":60,"minecraft:oak_planks":2,"minecraft:diamond_shovel":1,"sophisticatedbackpacks:diamond_backpack":1,"minecraft:chainmail_chestplate":6,"minecraft:leather_chestplate":2,"supplementaries:flax_seeds":1,"supplementaries:ash":3,"minecraft:melon_seeds":4,"minecraft:leather_leggings":2,"minecraft:spruce_slab":2,"minecraft:arrow":2,"minecraft:beef":6,"minecraft:enchanting_table":2,"minecraft:bread":78,"born_in_chaos_v1:intoxicating_decoction":1,"luminousworld:ishstone":4,"minecraft:mossy_cobblestone":8,"minecraft:oak_fence":1,"minecraft:iron_helmet":1,"minecraft:cobblestone":7,"minecraft:apple":1,"minecraft:granite":2,"minecraft:spruce_stairs":2,"minecraft:chainmail_helmet":3,"minecraft:cobweb":3,"minecraft:diorite":3,"tombstone:grave_key":2,"minecraft:smooth_quartz":24,"minecraft:dead_bush":2,"minecraft:potion":2,"minecraft:iron_leggings":3,"minecraft:oak_stairs":1,"minecraft:mossy_cobblestone_stairs":2,"minecraft:iron_shovel":1,"minecraft:chainmail_leggings":15,"minecraft:spruce_sapling":1,"minecraft:polished_diorite":1,"minecraft:coarse_dirt":1,"minecraft:raw_copper":1,"minecraft:tuff":11,"minecraft:iron_boots":2,"minecraft:light_gray_concrete":2,"minecraft:spruce_fence":6,"minecraft:pumpkin_seeds":4,"luminousworld:yellow_grassflowers":1,"minecraft:diamond_sword":8,"minecraft:spruce_planks":1,"minecraft:bundle":2,"minecraft:iron_chestplate":3,"minecraft:brown_bed":1,"minecraft:spider_eye":1,"minecraft:stone_bricks":3,"minecraft:diamond_boots":2,"minecraft:slime_ball":1,"minecraft:bow":2,"minecraft:stone_pickaxe":1,"minecraft:raw_gold":10,"twilightforest:time_chest":1},"minecraft:killed":{"luminousworld:miner_zombie":2,"minecraft:cave_spider":20,"earthmobsmod:jumbo_rabbit":1,"born_in_chaos_v1:zombie_lumberjack":2,"born_in_chaos_v1:skeleton_demoman":1,"minecraft:spider":17,"enemyexpansion:equestrian":1,"luminousworld:frost_bitten_skeleton":8,"undead_revamp2:thesmoker":2,"mowziesmobs:frostmaw":1,"undead_revamp2:theswarmer":1,"born_in_chaos_v1:baby_skeleton_minion":4,"creeperoverhaul:dripstone_creeper":1,"minecraft:skeleton":25,"minecraft:silverfish":6,"undead_revamp2:therod":1,"alexsmobs:centipede_head":1,"born_in_chaos_v1:firelight_not_despawn":1,"minecraft:magma_cube":2,"born_in_chaos_v1:bonescaller":1,"born_in_chaos_v1:bone_imp":1,"born_in_chaos_v1:diamond_termite":4,"minecraft:creeper":1,"minecraft:zombie":45,"born_in_chaos_v1:dread_hound":2,"born_in_chaos_v1:corpse_fly":2,"enemyexpansion:botfly":3,"minecraft:stray":13,"born_in_chaos_v1:door_knight":1,"minecraft:blaze":3,"minecraft:cow":1,"luminousworld:frostbitten_zombie":13,"minecraft:vex":1,"enemyexpansion:direwolf":4,"born_in_chaos_v1:maggot":10,"minecraft:horse":1,"iceandfire:fire_dragon":1,"alexsmobs:bison":1,"undead_revamp2:thehorrors":1,"enemyexpansion:goblin":1,"friendsandfoes:iceologer":1,"earthmobsmod:bouldering_zombie":1,"iceandfire:cyclops":1,"born_in_chaos_v1:swarmer":1,"undead_revamp2:the_moonflower":9,"earthmobsmod:cream_cow":3,"born_in_chaos_v1:decrepit_skeleton":1,"iceandfire:ghost":3,"minecraft:wither_skeleton":9,"minecraft:villager":1}},"DataVersion":3465}