{"stats":{"minecraft:picked_up":{"minecraft:tipped_arrow":4,"minecraft:item_frame":1,"minecraft:experience_bottle":1,"minecraft:creeper_head":1,"tombstone:grave_key":2,"minecraft:emerald":2,"minecraft:spruce_log":1,"minecraft:dark_oak_stairs":1,"minecraft:dark_oak_planks":1},"minecraft:custom":{"minecraft:open_chest":4,"minecraft:time_since_rest":12680,"minecraft:play_time":15121,"minecraft:sprint_one_cm":18518,"minecraft:walk_one_cm":57006,"minecraft:damage_taken":314,"minecraft:deaths":1,"minecraft:drop":2,"minecraft:jump":124,"minecraft:damage_dealt":40,"minecraft:time_since_death":12758,"minecraft:climb_one_cm":4670,"minecraft:total_world_time":15121,"minecraft:fall_one_cm":829,"minecraft:fly_one_cm":8875},"minecraft:dropped":{"tombstone:grave_key":2},"minecraft:killed_by":{"alexsmobs:tiger":1},"minecraft:mined":{"minecraft:pink_petals":2,"minecraft:grass":1,"minecraft:spruce_log":1,"minecraft:creeper_head":1,"minecraft:dark_oak_stairs":1,"minecraft:dark_oak_planks":1},"minecraft:used":{"minecraft:dark_oak_stairs":1,"minecraft:dark_oak_planks":1,"tombstone:gift":1,"alexsmobs:animal_dictionary":4,"minecraft:snowball":8,"minecraft:spruce_log":1,"minecraft:item_frame":1}},"DataVersion":3465}