{"stats":{"minecraft:custom":{"minecraft:mob_kills":14,"minecraft:leave_game":1,"minecraft:time_since_death":14743,"minecraft:sleep_in_bed":3,"minecraft:climb_one_cm":4670,"minecraft:time_since_rest":11894,"minecraft:sprint_one_cm":117235,"minecraft:damage_taken":673,"minecraft:walk_one_cm":216922,"minecraft:drop":4,"minecraft:damage_dealt":1571,"minecraft:fly_one_cm":88476,"minecraft:open_chest":16,"minecraft:play_time":74153,"tombstone:undead_killed":2,"minecraft:deaths":2,"minecraft:walk_under_water_one_cm":1190,"minecraft:jump":645,"minecraft:walk_on_water_one_cm":4005,"minecraft:total_world_time":74153,"minecraft:fall_one_cm":12190},"minecraft:used":{"minecraft:dark_oak_stairs":1,"minecraft:iron_bars":1,"minecraft:spruce_slab":1,"minecraft:iron_sword":41,"minecraft:blue_bed":1,"minecraft:rotten_flesh":1,"iceandfire:frost_lily":1,"minecraft:dirt":1,"luminousworld:grassflowers":1,"minecraft:snowball":24,"minecraft:spruce_log":1,"born_in_chaos_v1:corpse_maggot":2,"minecraft:dark_oak_planks":1,"minecraft:iron_axe":7,"minecraft:bread":3,"minecraft:item_frame":1,"minecraft:beef":1,"tombstone:gift":1,"alexsmobs:animal_dictionary":4,"minecraft:experience_bottle":1},"minecraft:killed_by":{"minecraft:zombie":1,"alexsmobs:tiger":1},"minecraft:picked_up":{"sophisticatedbackpacks:gold_backpack":1,"born_in_chaos_v1:corpse_maggot":4,"minecraft:creeper_head":1,"minecraft:leather":9,"minecraft:brown_wool":5,"tombstone:grave_key":2,"minecraft:string":3,"minecraft:lapis_lazuli":1,"minecraft:blue_bed":1,"minecraft:dirt":1,"minecraft:lantern":1,"minecraft:iron_axe":1,"minecraft:item_frame":1,"minecraft:experience_bottle":1,"iceandfire:frost_lily":1,"minecraft:beef":11,"minecraft:spruce_slab":1,"minecraft:dark_oak_stairs":2,"sophisticatedbackpacks:diamond_backpack":1,"minecraft:tipped_arrow":4,"luminousworld:clovers_1":1,"minecraft:lava_bucket":1,"minecraft:spruce_log":1,"minecraft:dark_oak_planks":1,"minecraft:bundle":1,"luminousworld:grassflowers":1,"minecraft:rotten_flesh":1,"minecraft:bread":39,"minecraft:gold_ingot":1,"minecraft:emerald":2,"minecraft:iron_bars":1,"minecraft:snowball":16},"minecraft:mined":{"minecraft:dark_oak_planks":1,"born_in_chaos_v1:marigolds":1,"luminousworld:autumnleaves":2,"minecraft:grass_block":1,"minecraft:white_stained_glass":2,"luminousworld:grassflowers":1,"minecraft:blue_bed":1,"minecraft:pink_petals":2,"minecraft:creeper_head":1,"minecraft:spruce_log":1,"minecraft:dark_oak_stairs":1,"minecraft:grass":3,"luminousworld:grassvariant_3":1,"minecraft:cobweb":3,"iceandfire:frost_lily":1},"minecraft:dropped":{"minecraft:obsidian":3,"sophisticatedbackpacks:diamond_backpack":1,"tombstone:grave_key":2},"minecraft:killed":{"luminousworld:frostbitten_zombie":1,"earthmobsmod:wooly_cow":5,"luminousworld:mourning_cloak":1,"minecraft:zombie":1,"born_in_chaos_v1:corpse_fly":5,"earthmobsmod:albino_cow":1}},"DataVersion":3465}