{"stats":{"minecraft:custom":{"minecraft:mob_kills":20,"minecraft:open_barrel":5,"minecraft:damage_dealt_resisted":10,"minecraft:leave_game":1,"minecraft:time_since_death":24677,"minecraft:sleep_in_bed":3,"minecraft:climb_one_cm":4670,"minecraft:time_since_rest":22278,"minecraft:sprint_one_cm":146737,"minecraft:damage_taken":2079,"minecraft:walk_one_cm":304754,"minecraft:drop":6,"minecraft:damage_dealt":2994,"minecraft:swim_one_cm":798,"minecraft:talked_to_villager":1,"minecraft:fly_one_cm":116380,"minecraft:open_chest":24,"minecraft:crouch_one_cm":9,"minecraft:play_time":110153,"tombstone:undead_killed":3,"minecraft:deaths":6,"minecraft:sneak_time":42,"minecraft:walk_under_water_one_cm":7917,"minecraft:interact_with_brewingstand":1,"minecraft:jump":966,"minecraft:walk_on_water_one_cm":27355,"minecraft:total_world_time":110153,"minecraft:fall_one_cm":17239},"minecraft:used":{"minecraft:dark_oak_stairs":1,"minecraft:iron_bars":1,"minecraft:spruce_slab":1,"minecraft:iron_sword":75,"minecraft:blue_bed":1,"minecraft:rotten_flesh":1,"iceandfire:frost_lily":1,"minecraft:dirt":1,"luminousworld:grassflowers":1,"minecraft:snowball":24,"minecraft:spruce_log":1,"born_in_chaos_v1:corpse_maggot":4,"born_in_chaos_v1:smoked_flesh":4,"minecraft:dark_oak_planks":1,"minecraft:iron_axe":13,"minecraft:bread":3,"minecraft:iron_pickaxe":8,"tombstone:grave_key":8,"minecraft:item_frame":1,"minecraft:beef":1,"tombstone:gift":1,"alexsmobs:animal_dictionary":4,"minecraft:experience_bottle":1},"minecraft:crafted":{"tombstone:grave_key":4},"minecraft:killed_by":{"minecraft:zombie":1,"born_in_chaos_v1:skeleton_thrasher_not_despawn":2,"alexsmobs:tiger":1},"minecraft:picked_up":{"sophisticatedbackpacks:gold_backpack":1,"born_in_chaos_v1:corpse_maggot":4,"minecraft:creeper_head":1,"minecraft:flower_pot":1,"minecraft:leather":11,"minecraft:brown_wool":5,"minecraft:lead":2,"minecraft:diamond_sword":1,"born_in_chaos_v1:black_argillite_brick_wall":1,"minecraft:crimson_fungus":1,"tombstone:grave_key":2,"minecraft:string":3,"minecraft:lapis_lazuli":1,"minecraft:blue_bed":1,"minecraft:dirt":4,"minecraft:lantern":1,"minecraft:iron_axe":1,"minecraft:item_frame":1,"minecraft:iron_shovel":1,"minecraft:bone":5,"minecraft:experience_bottle":1,"iceandfire:frost_lily":1,"minecraft:beef":11,"minecraft:spruce_slab":2,"minecraft:dark_oak_stairs":2,"sophisticatedbackpacks:diamond_backpack":1,"minecraft:book":18,"minecraft:tipped_arrow":5,"luminousworld:clovers_1":1,"minecraft:spruce_fence":4,"minecraft:lava_bucket":1,"minecraft:spruce_log":1,"minecraft:dark_oak_planks":1,"minecraft:bundle":1,"luminousworld:grassflowers":1,"minecraft:arrow":7,"minecraft:weeping_vines":1,"minecraft:rotten_flesh":1,"minecraft:iron_block":2,"minecraft:bread":39,"minecraft:gold_ingot":1,"minecraft:emerald":2,"minecraft:skeleton_skull":1,"iceandfire:raw_silver":2,"minecraft:iron_bars":1,"minecraft:snowball":16},"minecraft:mined":{"minecraft:dark_oak_planks":1,"minecraft:red_carpet":1,"iceandfire:silver_ore":2,"born_in_chaos_v1:marigolds":1,"luminousworld:autumnleaves":2,"minecraft:potted_crimson_fungus":1,"minecraft:spruce_fence":4,"minecraft:grass_block":3,"minecraft:white_stained_glass":2,"luminousworld:grassflowers":1,"minecraft:blue_bed":1,"minecraft:skeleton_skull":1,"minecraft:spawner":2,"minecraft:pink_petals":2,"minecraft:creeper_head":1,"minecraft:spruce_log":1,"minecraft:dark_oak_stairs":1,"minecraft:grass":4,"minecraft:bookshelf":6,"minecraft:dirt":1,"luminousworld:grassvariant_3":2,"minecraft:cobweb":3,"iceandfire:frost_lily":1,"minecraft:iron_block":2},"minecraft:dropped":{"minecraft:dark_oak_stairs":1,"minecraft:obsidian":3,"sophisticatedbackpacks:diamond_backpack":1,"tombstone:grave_key":2,"luminousworld:clovers_1":1},"minecraft:killed":{"luminousworld:frostbitten_zombie":1,"earthmobsmod:wooly_cow":5,"born_in_chaos_v1:maggot":2,"alexsmobs:catfish":1,"luminousworld:mourning_cloak":1,"minecraft:trader_llama":2,"minecraft:zombie":2,"born_in_chaos_v1:corpse_fly":5,"earthmobsmod:albino_cow":1}},"DataVersion":3465}