{"stats":{"minecraft:picked_up":{"minecraft:tipped_arrow":4,"born_in_chaos_v1:corpse_maggot":2,"minecraft:creeper_head":1,"minecraft:brown_wool":5,"minecraft:leather":9,"minecraft:lava_bucket":1,"tombstone:grave_key":2,"minecraft:spruce_log":1,"minecraft:blue_bed":1,"minecraft:lapis_lazuli":1,"minecraft:string":3,"minecraft:lantern":1,"minecraft:dark_oak_planks":1,"minecraft:iron_axe":1,"minecraft:bundle":1,"minecraft:item_frame":1,"minecraft:experience_bottle":1,"minecraft:rotten_flesh":1,"minecraft:beef":10,"minecraft:spruce_slab":1,"minecraft:gold_ingot":1,"minecraft:emerald":2,"minecraft:bread":39,"minecraft:iron_bars":1,"minecraft:dark_oak_stairs":1,"sophisticatedbackpacks:diamond_backpack":1,"sophisticatedbackpacks:gold_backpack":1},"minecraft:custom":{"minecraft:time_since_rest":12004,"minecraft:sprint_one_cm":73000,"minecraft:damage_taken":523,"minecraft:walk_one_cm":164699,"minecraft:mob_kills":10,"minecraft:drop":4,"minecraft:damage_dealt":923,"minecraft:fly_one_cm":52287,"minecraft:open_chest":16,"minecraft:play_time":57121,"tombstone:undead_killed":1,"minecraft:deaths":1,"minecraft:walk_under_water_one_cm":231,"minecraft:jump":407,"minecraft:walk_on_water_one_cm":340,"minecraft:time_since_death":54758,"minecraft:sleep_in_bed":2,"minecraft:total_world_time":57121,"minecraft:climb_one_cm":4670,"minecraft:fall_one_cm":7767},"minecraft:dropped":{"tombstone:grave_key":2,"minecraft:obsidian":3,"sophisticatedbackpacks:diamond_backpack":1},"minecraft:killed_by":{"alexsmobs:tiger":1},"minecraft:mined":{"minecraft:dark_oak_planks":1,"minecraft:pink_petals":2,"minecraft:creeper_head":1,"minecraft:spruce_log":1,"minecraft:dark_oak_stairs":1,"minecraft:grass":1,"minecraft:white_stained_glass":2,"minecraft:cobweb":3,"iceandfire:frost_lily":1,"minecraft:blue_bed":1},"minecraft:used":{"born_in_chaos_v1:corpse_maggot":2,"minecraft:dark_oak_stairs":1,"minecraft:dark_oak_planks":1,"minecraft:iron_bars":1,"minecraft:spruce_slab":1,"minecraft:iron_axe":7,"minecraft:bread":3,"minecraft:iron_sword":21,"minecraft:rotten_flesh":1,"minecraft:blue_bed":1,"minecraft:item_frame":1,"tombstone:gift":1,"alexsmobs:animal_dictionary":4,"minecraft:snowball":8,"minecraft:spruce_log":1,"minecraft:experience_bottle":1},"minecraft:killed":{"luminousworld:frostbitten_zombie":1,"luminousworld:mourning_cloak":1,"born_in_chaos_v1:corpse_fly":3,"earthmobsmod:wooly_cow":5}},"DataVersion":3465}