{"stats":{"minecraft:picked_up":{"minecraft:tipped_arrow":4,"minecraft:creeper_head":1,"tombstone:grave_key":2,"minecraft:spruce_log":1,"minecraft:lapis_lazuli":1,"minecraft:string":3,"minecraft:lantern":1,"minecraft:dark_oak_planks":1,"minecraft:iron_axe":1,"minecraft:bundle":1,"minecraft:item_frame":1,"minecraft:experience_bottle":1,"minecraft:gold_ingot":1,"minecraft:emerald":2,"minecraft:bread":39,"minecraft:iron_bars":1,"minecraft:dark_oak_stairs":1,"sophisticatedbackpacks:diamond_backpack":1},"minecraft:custom":{"minecraft:time_since_rest":24680,"minecraft:sprint_one_cm":39128,"minecraft:damage_taken":390,"minecraft:walk_one_cm":84176,"minecraft:drop":4,"minecraft:damage_dealt":40,"minecraft:fly_one_cm":20859,"minecraft:open_chest":11,"minecraft:play_time":27121,"minecraft:deaths":1,"minecraft:jump":167,"minecraft:time_since_death":24758,"minecraft:total_world_time":27121,"minecraft:climb_one_cm":4670,"minecraft:fall_one_cm":2083},"minecraft:dropped":{"tombstone:grave_key":2,"minecraft:obsidian":3,"sophisticatedbackpacks:diamond_backpack":1},"minecraft:killed_by":{"alexsmobs:tiger":1},"minecraft:mined":{"minecraft:dark_oak_planks":1,"minecraft:pink_petals":2,"minecraft:creeper_head":1,"minecraft:spruce_log":1,"minecraft:dark_oak_stairs":1,"minecraft:grass":1,"minecraft:white_stained_glass":2,"minecraft:cobweb":3},"minecraft:used":{"minecraft:dark_oak_stairs":1,"minecraft:dark_oak_planks":1,"minecraft:iron_bars":1,"minecraft:iron_sword":3,"minecraft:item_frame":1,"tombstone:gift":1,"alexsmobs:animal_dictionary":4,"minecraft:snowball":8,"minecraft:spruce_log":1,"minecraft:experience_bottle":1}},"DataVersion":3465}