{"stats":{"minecraft:custom":{"minecraft:jump":55,"minecraft:time_since_rest":680,"minecraft:sprint_one_cm":603,"minecraft:damage_dealt":30,"minecraft:deaths":1,"minecraft:damage_taken":240,"minecraft:play_time":3121,"minecraft:time_since_death":758,"minecraft:walk_one_cm":22629,"minecraft:total_world_time":3121,"minecraft:fly_one_cm":4084},"minecraft:killed_by":{"alexsmobs:tiger":1},"minecraft:mined":{"minecraft:pink_petals":2,"minecraft:grass":1},"minecraft:used":{"tombstone:gift":1,"alexsmobs:animal_dictionary":4}},"DataVersion":3465}