{
  "iceandfire:iceandfire/root": {
    "criteria": {
      "tick": "2024-07-14 01:43:35 +0000"
    },
    "done": true
  },
  "takesapillage:root": {
    "criteria": {
      "always": "2024-07-14 01:43:35 +0000"
    },
    "done": true
  },
  "explorerscompass:explorers_compass_cracked_stone_bricks": {
    "criteria": {
      "has_recipe": "2024-07-14 01:43:35 +0000"
    },
    "done": true
  },
  "dungeons_arise:wda_root": {
    "criteria": {
      "WDA": "2024-07-14 01:43:35 +0000"
    },
    "done": true
  },
  "undead_revamp2:theundeadchallenges": {
    "criteria": {
      "theundeadchallenges": "2024-07-14 01:43:35 +0000"
    },
    "done": true
  },
  "friendsandfoes:misc/yellow_dye_from_buttercup": {
    "criteria": {
      "has_the_recipe": "2024-07-14 01:43:35 +0000"
    },
    "done": true
  },
  "naturescompass:natures_compass_log": {
    "criteria": {
      "has_recipe": "2024-07-14 01:43:35 +0000"
    },
    "done": true
  },
  "naturescompass:natures_compass": {
    "criteria": {
      "has_recipe": "2024-07-14 01:43:35 +0000"
    },
    "done": true
  },
  "naturescompass:natures_compass_sapling": {
    "criteria": {
      "has_recipe": "2024-07-14 01:43:35 +0000"
    },
    "done": true
  },
  "mowziesmobs:root": {
    "criteria": {
      "custom_test_name": "2024-07-14 01:43:35 +0000"
    },
    "done": true
  },
  "betterdungeons:root": {
    "criteria": {
      "always": "2024-07-14 01:43:35 +0000"
    },
    "done": true
  },
  "placeablesmod:placeables": {
    "criteria": {
      "placeables": "2024-07-14 01:43:35 +0000"
    },
    "done": true
  },
  "explorerscompass:explorers_compass_cobweb": {
    "criteria": {
      "has_recipe": "2024-07-14 01:43:35 +0000"
    },
    "done": true
  },
  "eeeabsmobs:eeeabsmobs/root": {
    "criteria": {
      "requirement": "2024-07-14 01:43:35 +0000"
    },
    "done": true
  },
  "betterdeserttemples:root": {
    "criteria": {
      "always": "2024-07-14 01:43:35 +0000"
    },
    "done": true
  },
  "cataclysm:root": {
    "criteria": {
      "custom_test_name": "2024-07-14 01:43:35 +0000"
    },
    "done": true
  },
  "incendium:technical/new_player": {
    "criteria": {
      "requirement": "2024-07-14 01:43:35 +0000"
    },
    "done": true
  },
  "explorerscompass:explorers_compass": {
    "criteria": {
      "has_recipe": "2024-07-14 01:43:35 +0000"
    },
    "done": true
  },
  "incendium:technical/scroll_of_returning": {
    "criteria": {
      "log_spam_fixer": "2024-07-14 01:43:36 +0000"
    },
    "done": false
  },
  "incendium:technical/using/ragnarok": {
    "criteria": {
      "log_spam_fixer": "2024-07-14 01:43:36 +0000"
    },
    "done": false
  },
  "incendium:technical/using/trailblazer": {
    "criteria": {
      "log_spam_fixer": "2024-07-14 01:43:36 +0000"
    },
    "done": false
  },
  "minecraft:adventure/adventuring_time": {
    "criteria": {
      "minecraft:snowy_slopes": "2024-07-14 01:45:59 +0000",
      "minecraft:old_growth_pine_taiga": "2024-07-14 19:13:12 +0000",
      "minecraft:taiga": "2024-07-14 18:48:36 +0000",
      "minecraft:frozen_river": "2024-07-14 19:32:02 +0000",
      "minecraft:cherry_grove": "2024-07-14 01:45:04 +0000",
      "minecraft:sunflower_plains": "2024-07-14 02:21:07 +0000",
      "minecraft:birch_forest": "2024-07-14 17:40:49 +0000",
      "minecraft:beach": "2024-07-14 17:49:22 +0000",
      "minecraft:river": "2024-07-14 02:19:56 +0000",
      "minecraft:snowy_plains": "2024-07-14 19:31:06 +0000",
      "minecraft:dripstone_caves": "2024-07-14 18:24:49 +0000",
      "minecraft:snowy_taiga": "2024-07-15 15:07:50 +0000",
      "minecraft:cold_ocean": "2024-07-14 19:16:30 +0000",
      "minecraft:forest": "2024-07-14 02:51:35 +0000",
      "minecraft:lush_caves": "2024-07-14 17:45:05 +0000",
      "minecraft:ice_spikes": "2024-07-15 19:43:24 +0000",
      "minecraft:frozen_ocean": "2024-07-14 19:28:05 +0000",
      "minecraft:ocean": "2024-07-14 17:45:18 +0000",
      "minecraft:old_growth_spruce_taiga": "2024-07-14 19:13:57 +0000",
      "minecraft:snowy_beach": "2024-07-14 19:28:08 +0000",
      "minecraft:frozen_peaks": "2024-07-14 01:45:11 +0000",
      "minecraft:old_growth_birch_forest": "2024-07-14 17:44:25 +0000",
      "minecraft:meadow": "2024-07-14 02:30:40 +0000",
      "minecraft:windswept_gravelly_hills": "2024-07-15 19:51:25 +0000",
      "minecraft:plains": "2024-07-14 01:43:36 +0000"
    },
    "done": false
  },
  "incendium:technical/using/shield": {
    "criteria": {
      "log_spam_fixer": "2024-07-14 01:43:36 +0000"
    },
    "done": false
  },
  "tombstone:adventure/root": {
    "criteria": {
      "auto": "2024-07-14 01:43:36 +0000"
    },
    "done": true
  },
  "alexsmobs:alexsmobs/root": {
    "criteria": {
      "useitem": "2024-07-14 01:44:28 +0000"
    },
    "done": true
  },
  "minecraft:husbandry/root": {
    "criteria": {
      "consumed_item": "2024-07-14 01:44:28 +0000"
    },
    "done": true
  },
  "dungeons_arise:find_infested_temple": {
    "criteria": {
      "location0": "2024-07-14 01:45:00 +0000"
    },
    "done": true
  },
  "minecraft:story/smelt_iron": {
    "criteria": {
      "iron": "2024-07-14 01:46:05 +0000"
    },
    "done": true
  },
  "tombstone:adventure/create_magic_scroll": {
    "criteria": {
      "has_magic_scroll": "2024-07-14 01:46:05 +0000"
    },
    "done": true
  },
  "mutantmonsters:root": {
    "criteria": {
      "killed_by_something": "2024-07-14 01:46:28 +0000"
    },
    "done": true
  },
  "tombstone:adventure/first_grave": {
    "criteria": {
      "coded_trigger": "2024-07-14 01:46:28 +0000"
    },
    "done": true
  },
  "minecraft:adventure/root": {
    "criteria": {
      "killed_by_something": "2024-07-14 01:46:28 +0000"
    },
    "done": true
  },
  "tombstone:recipes/from_grave_key": {
    "criteria": {
      "has_ingredient": "2024-07-14 01:46:30 +0000"
    },
    "done": true
  },
  "dungeons_arise:find_abandoned_temple": {
    "criteria": {
      "location0": "2024-07-14 01:47:28 +0000"
    },
    "done": true
  },
  "minecraft:story/root": {
    "criteria": {
      "crafting_table": "2024-07-14 01:48:57 +0000"
    },
    "done": true
  },
  "minecraft:story/iron_tools": {
    "criteria": {
      "iron_pickaxe": "2024-07-14 01:49:13 +0000"
    },
    "done": true
  },
  "minecraft:adventure/kill_all_mobs": {
    "criteria": {
      "minecraft:skeleton": "2024-07-14 02:06:55 +0000",
      "minecraft:spider": "2024-07-14 01:49:47 +0000",
      "minecraft:creeper": "2024-07-14 17:55:33 +0000",
      "minecraft:wither_skeleton": "2024-07-14 01:57:35 +0000",
      "minecraft:cave_spider": "2024-07-14 01:49:39 +0000",
      "minecraft:silverfish": "2024-07-14 18:52:57 +0000",
      "minecraft:zombie": "2024-07-14 17:58:56 +0000"
    },
    "done": false
  },
  "minecraft:adventure/kill_a_mob": {
    "criteria": {
      "minecraft:cave_spider": "2024-07-14 01:49:39 +0000"
    },
    "done": true
  },
  "minecraft:husbandry/balanced_diet": {
    "criteria": {
      "bread": "2024-07-14 01:49:51 +0000",
      "golden_apple": "2024-07-14 02:19:46 +0000"
    },
    "done": false
  },
  "tombstone:adventure/cancel_ghostly_shape": {
    "criteria": {
      "coded_trigger": "2024-07-14 01:54:52 +0000"
    },
    "done": true
  },
  "minecraft:story/mine_stone": {
    "criteria": {
      "get_stone": "2024-07-14 01:56:41 +0000"
    },
    "done": true
  },
  "minecraft:story/obtain_armor": {
    "criteria": {
      "iron_boots": "2024-07-14 02:06:19 +0000"
    },
    "done": true
  },
  "minecraft:story/deflect_arrow": {
    "criteria": {
      "deflected_projectile": "2024-07-14 02:07:10 +0000"
    },
    "done": true
  },
  "minecraft:story/mine_diamond": {
    "criteria": {
      "diamond": "2024-07-14 02:11:37 +0000"
    },
    "done": true
  },
  "tombstone:adventure/create_familiar_receptacle": {
    "criteria": {
      "has_familiar_receptacle": "2024-07-14 02:12:54 +0000"
    },
    "done": true
  },
  "tombstone:adventure/first_knowledge": {
    "criteria": {
      "coded_trigger": "2024-07-14 02:12:54 +0000"
    },
    "done": true
  },
  "undead_revamp2:sugarcoat": {
    "criteria": {
      "sugarcoat": "2024-07-14 02:19:11 +0000"
    },
    "done": true
  },
  "undead_revamp2:earthyblood": {
    "criteria": {
      "earthyblood": "2024-07-14 02:21:26 +0000"
    },
    "done": true
  },
  "tombstone:adventure/enchant_grave_key": {
    "criteria": {
      "has_upgraded_grave_key": "2024-07-14 02:24:46 +0000"
    },
    "done": true
  },
  "tombstone:adventure/teleport_to_grave": {
    "criteria": {
      "coded_trigger": "2024-07-14 02:24:52 +0000"
    },
    "done": true
  },
  "tombstone:adventure/choose_knowledge": {
    "criteria": {
      "coded_trigger": "2024-07-14 02:25:07 +0000"
    },
    "done": true
  },
  "dungeons_arise:find_bathhouse": {
    "criteria": {
      "location0": "2024-07-14 02:29:50 +0000"
    },
    "done": true
  },
  "dungeons_arise:find_illager_windmill": {
    "criteria": {
      "location0": "2024-07-14 02:52:12 +0000"
    },
    "done": true
  },
  "tombstone:adventure/find_grave_dust": {
    "criteria": {
      "from_undead": "2024-07-14 17:43:18 +0000"
    },
    "done": true
  },
  "twilightforest:arborist": {
    "criteria": {
      "time_chest": "2024-07-14 17:46:24 +0000"
    },
    "done": false
  },
  "tombstone:adventure/create_voodoo_poppet": {
    "criteria": {
      "has_voodoo_poppet": "2024-07-14 17:55:50 +0000"
    },
    "done": true
  },
  "tombstone:adventure/enchant_voodoo_poppet": {
    "criteria": {
      "has_enchanted_voodoo_poppet": "2024-07-14 17:55:50 +0000"
    },
    "done": true
  },
  "artifacts:amateur_archaeologist": {
    "criteria": {
      "find_artifact": "2024-07-14 17:56:33 +0000"
    },
    "done": true
  },
  "tombstone:adventure/ashes_and_bones": {
    "criteria": {
      "coded_trigger": "2024-07-14 17:58:56 +0000"
    },
    "done": true
  },
  "alexscaves:alexscaves/root": {
    "criteria": {
      "underground_cabin": "2024-07-14 18:01:44 +0000"
    },
    "done": true
  },
  "alexscaves:alexscaves/cave_tablet": {
    "criteria": {
      "cave_tablet": "2024-07-14 18:02:13 +0000"
    },
    "done": true
  },
  "betterdungeons:zombie_dungeon": {
    "criteria": {
      "in_better_zombie_dungeon": "2024-07-14 18:12:14 +0000"
    },
    "done": true
  },
  "betterdungeons:all_dungeons": {
    "criteria": {
      "in_better_zombie_dungeon": "2024-07-14 18:12:14 +0000",
      "in_better_monster_room": "2024-07-14 18:42:57 +0000",
      "in_better_skeleton_dungeon": "2024-07-14 18:50:20 +0000"
    },
    "done": false
  },
  "tombstone:recipes/from_grave_dust": {
    "criteria": {
      "has_ingredient": "2024-07-14 18:13:54 +0000"
    },
    "done": true
  },
  "tombstone:adventure/chain_death": {
    "criteria": {
      "coded_trigger": "2024-07-14 18:18:08 +0000"
    },
    "done": true
  },
  "minecraft:adventure/sleep_in_bed": {
    "criteria": {
      "slept_in_bed": "2024-07-14 18:24:06 +0000"
    },
    "done": true
  },
  "minecraft:story/lava_bucket": {
    "criteria": {
      "lava_bucket": "2024-07-14 18:28:47 +0000"
    },
    "done": true
  },
  "betterdungeons:small_dungeon": {
    "criteria": {
      "in_better_monster_room": "2024-07-14 18:42:57 +0000"
    },
    "done": true
  },
  "endrem:main/old_eye": {
    "criteria": {
      "old_eye": "2024-07-14 18:43:56 +0000"
    },
    "done": true
  },
  "endrem:main/root": {
    "criteria": {
      "old_eye": "2024-07-14 18:43:56 +0000"
    },
    "done": true
  },
  "tombstone:adventure/create_magic_tablet": {
    "criteria": {
      "has_magic_tablet": "2024-07-14 18:44:20 +0000"
    },
    "done": true
  },
  "tombstone:adventure/bone_crusher": {
    "criteria": {
      "coded_trigger": "2024-07-14 18:47:19 +0000"
    },
    "done": true
  },
  "betterdungeons:skeleton_dungeon": {
    "criteria": {
      "in_better_skeleton_dungeon": "2024-07-14 18:50:20 +0000"
    },
    "done": true
  },
  "minecraft:adventure/shoot_arrow": {
    "criteria": {
      "shot_arrow": "2024-07-14 18:51:22 +0000"
    },
    "done": true
  },
  "minecraft:story/form_obsidian": {
    "criteria": {
      "obsidian": "2024-07-14 19:06:32 +0000"
    },
    "done": true
  },
  "iceandfire:iceandfire/kill_cyclops": {
    "criteria": {
      "killed_fire_dragon": "2024-07-14 19:35:50 +0000"
    },
    "done": true
  },
  "tombstone:adventure/neighborhood_brawl": {
    "criteria": {
      "coded_trigger": "2024-07-14 20:25:25 +0000"
    },
    "done": true
  },
  "iceandfire:iceandfire/rotten_egg": {
    "criteria": {
      "bestiary": "2024-07-14 21:00:31 +0000"
    },
    "done": true
  },
  "iceandfire:iceandfire/tame_cockatrice": {
    "criteria": {
      "tame_rat": "2024-07-14 21:00:37 +0000"
    },
    "done": true
  },
  "minecraft:husbandry/tame_an_animal": {
    "criteria": {
      "tamed_animal": "2024-07-14 21:00:37 +0000"
    },
    "done": true
  },
  "tombstone:adventure/use_knowledge": {
    "criteria": {
      "coded_trigger": "2024-07-14 21:05:46 +0000"
    },
    "done": true
  },
  "minecraft:story/enchant_item": {
    "criteria": {
      "enchanted_item": "2024-07-14 21:08:07 +0000"
    },
    "done": true
  },
  "minecraft:adventure/trade": {
    "criteria": {
      "traded": "2024-07-14 21:20:44 +0000"
    },
    "done": true
  },
  "tombstone:adventure/strong_or_careful": {
    "criteria": {
      "coded_trigger": "2024-07-14 22:14:18 +0000"
    },
    "done": true
  },
  "alexsmobs:alexsmobs/seagull_steal": {
    "criteria": {
      "ex": "2024-07-15 15:08:14 +0000"
    },
    "done": true
  },
  "friendsandfoes:adventure/complete_hide_and_seek_game": {
    "criteria": {
      "friendsandfoes:complete_hide_and_seek_game": "2024-07-15 15:58:27 +0000"
    },
    "done": true
  },
  "minecraft:nether/obtain_crying_obsidian": {
    "criteria": {
      "crying_obsidian": "2024-07-15 19:53:49 +0000"
    },
    "done": true
  },
  "incendium:technical/sentrys_wrath": {
    "criteria": {
      "log_spam_fixer": "2024-07-15 20:15:38 +0000"
    },
    "done": false
  },
  "incendium:technical/inventory/sentrys_wrath": {
    "criteria": {
      "log_spam_fixer": "2024-07-15 20:15:38 +0000"
    },
    "done": false
  },
  "incendium:technical/multiplex_crossbow": {
    "criteria": {
      "log_spam_fixer": "2024-07-15 20:15:38 +0000"
    },
    "done": false
  },
  "iceandfire:iceandfire/bestiary": {
    "criteria": {
      "bestiary": "2024-07-15 20:03:12 +0000"
    },
    "done": true
  },
  "incendium:technical/feed_ghastling": {
    "criteria": {
      "log_spam_fixer": "2024-07-15 20:15:38 +0000"
    },
    "done": false
  },
  "incendium:technical/on_inventory_change": {
    "criteria": {
      "log_spam_fixer": "2024-07-15 20:15:38 +0000"
    },
    "done": false
  },
  "incendium:technical/on_player_hurt": {
    "criteria": {
      "log_spam_fixer": "2024-07-15 20:15:38 +0000"
    },
    "done": false
  },
  "incendium:technical/firestorm": {
    "criteria": {
      "log_spam_fixer": "2024-07-15 20:15:38 +0000"
    },
    "done": false
  },
  "incendium:technical/holy_wrath": {
    "criteria": {
      "log_spam_fixer": "2024-07-15 20:15:38 +0000"
    },
    "done": false
  },
  "iceandfire:iceandfire/kill_ghost": {
    "criteria": {
      "killed_fire_dragon": "2024-07-15 19:58:45 +0000"
    },
    "done": true
  },
  "incendium:technical/on_block": {
    "criteria": {
      "log_spam_fixer": "2024-07-15 20:15:38 +0000"
    },
    "done": false
  },
  "incendium:technical/inventory/firestorm": {
    "criteria": {
      "log_spam_fixer": "2024-07-15 20:15:38 +0000"
    },
    "done": false
  },
  "incendium:technical/give_ghastling": {
    "criteria": {
      "log_spam_fixer": "2024-07-15 20:15:38 +0000"
    },
    "done": false
  },
  "incendium:technical/on_kill": {
    "criteria": {
      "log_spam_fixer": "2024-07-15 20:15:38 +0000"
    },
    "done": false
  },
  "DataVersion": 3465
}